<?xml version="1.0"?>
<archive xmlns="http://rs.tdwg.org/dwc/text/" xmlns:xsi="http://www.w3.org/2001/XMLSchema-instance" xsi:schemaLocation="http://rs.tdwg.org/dwc/text/  http://services.eol.org/schema/dwca/tdwg_dwc_text.xsd">
 
  <table encoding="UTF-8" fieldsTerminatedBy="\t" linesTerminatedBy="\n" ignoreHeaderLines="1" rowType="http://rs.tdwg.org/dwc/terms/Taxon">
    <files><location>taxa.txt</location></files>
    <field index="0" term="http://rs.tdwg.org/dwc/terms/taxonID"/>
    <field index="1" term="http://rs.tdwg.org/dwc/terms/scientificName"/>
    <field index="2" term="http://rs.tdwg.org/dwc/terms/parentNameUsageID"/>
    <field index="3" term="http://rs.tdwg.org/dwc/terms/kingdom"/>
    <field index="4" term="http://rs.tdwg.org/dwc/terms/phylum"/>
    <field index="5" term="http://rs.tdwg.org/dwc/terms/class"/>
    <field index="6" term="http://rs.tdwg.org/dwc/terms/order"/>
    <field index="7" term="http://rs.tdwg.org/dwc/terms/family"/>
    <field index="8" term="http://rs.tdwg.org/dwc/terms/genus"/>
    <field index="9" term="http://rs.tdwg.org/dwc/terms/taxonRank"/>
    <field index="10" term="http://rs.tdwg.org/ac/terms/furtherInformationURL"/>
    <field index="11" term="http://rs.tdwg.org/dwc/terms/taxonomicStatus"/>
    <field index="12" term="http://rs.tdwg.org/dwc/terms/taxonRemarks"/>
    <field index="13" term="http://rs.tdwg.org/dwc/terms/namePublishedIn"/>
    <field index="14" term="http://eol.org/schema/reference/referenceID"/>
  </table>
 
  <table encoding="UTF-8" fieldsTerminatedBy="\t" linesTerminatedBy="\n" ignoreHeaderLines="1" rowType="http://eol.org/schema/reference/Reference">
    <files><location>references.txt</location></files>
    <field index="0" term="http://purl.org/dc/terms/identifier"/>
    <field index="1" term="http://eol.org/schema/reference/publicationType"/>
    <field index="2" term="http://eol.org/schema/reference/full_reference"/>
    <field index="3" term="http://eol.org/schema/reference/primaryTitle"/>
    <field index="4" term="http://purl.org/dc/terms/title"/>
    <field index="5" term="http://purl.org/ontology/bibo/pages"/>
    <field index="6" term="http://purl.org/ontology/bibo/pageStart"/>
    <field index="7" term="http://purl.org/ontology/bibo/pageEnd"/>
    <field index="8" term="http://purl.org/ontology/bibo/volume"/>
    <field index="9" term="http://purl.org/ontology/bibo/edition"/>
    <field index="10" term="http://purl.org/dc/terms/publisher"/>
    <field index="11" term="http://purl.org/ontology/bibo/authorList"/>
    <field index="12" term="http://purl.org/ontology/bibo/editorList"/>
    <field index="13" term="http://purl.org/dc/terms/created"/>
    <field index="14" term="http://purl.org/dc/terms/language"/>
    <field index="15" term="http://purl.org/ontology/bibo/uri"/>
    <field index="16" term="http://purl.org/ontology/bibo/doi"/>
    <field index="17" term="http://schemas.talis.com/2005/address/schema#localityName"/>
  </table>
 
  <table encoding="UTF-8" fieldsTerminatedBy="\t" linesTerminatedBy="\n" ignoreHeaderLines="1" rowType="http://rs.tdwg.org/dwc/terms/Occurrence">
    <files><location>occurrences.txt</location></files>
    <field index="0" term="http://rs.tdwg.org/dwc/terms/occurrenceID"/>
    <field index="1" term="http://rs.tdwg.org/dwc/terms/taxonID"/>
    <field index="2" term="http://rs.tdwg.org/dwc/terms/sex"/>
    <field index="3" term="http://rs.tdwg.org/dwc/terms/lifeStage"/>
    <field index="4" term="http://rs.tdwg.org/dwc/terms/reproductiveCondition"/>
    <field index="5" term="http://rs.tdwg.org/dwc/terms/behavior"/>
    <field index="6" term="http://rs.tdwg.org/dwc/terms/establishmentMeans"/>
    <field index="7" term="http://rs.tdwg.org/dwc/terms/occurrenceRemarks"/>
    <field index="8" term="http://rs.tdwg.org/dwc/terms/individualCount"/>
    <field index="9" term="http://rs.tdwg.org/dwc/terms/preparations"/>
    <field index="10" term="http://rs.tdwg.org/dwc/terms/fieldNotes"/>
    <field index="11" term="http://rs.tdwg.org/dwc/terms/samplingProtocol"/>
    <field index="12" term="http://rs.tdwg.org/dwc/terms/samplingEffort"/>
    <field index="13" term="http://rs.tdwg.org/dwc/terms/decimalLatitude"/>
    <field index="14" term="http://rs.tdwg.org/dwc/terms/decimalLongitude"/>
    <field index="15" term="http://rs.tdwg.org/dwc/terms/locality"/>
    <field index="16" term="http://rs.tdwg.org/dwc/terms/identifiedBy"/>
    <field index="17" term="http://rs.tdwg.org/dwc/terms/dateIdentified"/>
    <field index="18" term="http://rs.tdwg.org/dwc/terms/eventDate"/>
    <field index="19" term="http://rs.tdwg.org/dwc/terms/eventID"/>
  </table>
  <table encoding="UTF-8" fieldsTerminatedBy="\t" linesTerminatedBy="\n" ignoreHeaderLines="1" rowType="http://rs.tdwg.org/dwc/terms/MeasurementOrFact">
    <files><location>measurements or facts.txt</location></files>
    <field index="0" term="http://rs.tdwg.org/dwc/terms/measurementID"/>
    <field index="1" term="http://rs.tdwg.org/dwc/terms/occurrenceID"/>
    <field index="2" term="http://eol.org/schema/measurementOfTaxon"/>
    <field index="3" term="http://eol.org/schema/associationID"/>
    <field index="4" term="http://eol.org/schema/parentMeasurementID"/>
    <field index="5" term="http://rs.tdwg.org/dwc/terms/measurementType"/>
    <field index="6" term="http://rs.tdwg.org/dwc/terms/measurementValue"/>
    <field index="7" term="http://rs.tdwg.org/dwc/terms/measurementUnit"/>
    <field index="8" term="http://rs.tdwg.org/dwc/terms/measurementAccuracy"/>
    <field index="9" term="http://eol.org/schema/terms/statisticalMethod"/>
    <field index="10" term="http://rs.tdwg.org/dwc/terms/measurementDeterminedDate"/>
    <field index="11" term="http://rs.tdwg.org/dwc/terms/measurementDeterminedBy"/>
    <field index="12" term="http://rs.tdwg.org/dwc/terms/measurementMethod"/>
    <field index="13" term="http://rs.tdwg.org/dwc/terms/measurementRemarks"/>
    <field index="14" term="http://purl.org/dc/terms/source"/>
    <field index="15" term="http://purl.org/dc/terms/bibliographicCitation"/>
    <field index="16" term="http://purl.org/dc/terms/contributor"/>
    <field index="17" term="http://eol.org/schema/reference/referenceID"/>
  </table>
 
</archive>