CREATE DATABASE  IF NOT EXISTS `amphibians_traits` /*!40100 DEFAULT CHARACTER SET utf8 */;
USE `amphibians_traits`;
-- MySQL dump 10.13  Distrib 5.6.17, for Win64 (x86_64)
--
-- Host: localhost    Database: amphibians_traits
-- ------------------------------------------------------
-- Server version	5.6.21-log

/*!40101 SET @OLD_CHARACTER_SET_CLIENT=@@CHARACTER_SET_CLIENT */;
/*!40101 SET @OLD_CHARACTER_SET_RESULTS=@@CHARACTER_SET_RESULTS */;
/*!40101 SET @OLD_COLLATION_CONNECTION=@@COLLATION_CONNECTION */;
/*!40101 SET NAMES utf8 */;
/*!40103 SET @OLD_TIME_ZONE=@@TIME_ZONE */;
/*!40103 SET TIME_ZONE='+00:00' */;
/*!40014 SET @OLD_UNIQUE_CHECKS=@@UNIQUE_CHECKS, UNIQUE_CHECKS=0 */;
/*!40014 SET @OLD_FOREIGN_KEY_CHECKS=@@FOREIGN_KEY_CHECKS, FOREIGN_KEY_CHECKS=0 */;
/*!40101 SET @OLD_SQL_MODE=@@SQL_MODE, SQL_MODE='NO_AUTO_VALUE_ON_ZERO' */;
/*!40111 SET @OLD_SQL_NOTES=@@SQL_NOTES, SQL_NOTES=0 */;

--
-- Table structure for table `bodysize`
--

DROP TABLE IF EXISTS `bodysize`;
/*!40101 SET @saved_cs_client     = @@character_set_client */;
/*!40101 SET character_set_client = utf8 */;
CREATE TABLE `bodysize` (
  `id` varchar(100) NOT NULL,
  `svl_male_min` float DEFAULT NULL,
  `svl_male_max` float DEFAULT NULL,
  `svl_male_mean` float DEFAULT NULL,
  `svl_female_min` float DEFAULT NULL,
  `svl_female_max` float DEFAULT NULL,
  `svl_female_mean` float DEFAULT NULL,
  `sexual_dimorphism` varchar(45) DEFAULT NULL,
  PRIMARY KEY (`id`),
  CONSTRAINT `taxa_body_fk` FOREIGN KEY (`id`) REFERENCES `taxonomic_identity` (`id`) ON DELETE CASCADE ON UPDATE CASCADE
) ENGINE=InnoDB DEFAULT CHARSET=utf8;
/*!40101 SET character_set_client = @saved_cs_client */;

--
-- Dumping data for table `bodysize`
--

LOCK TABLES `bodysize` WRITE;
/*!40000 ALTER TABLE `bodysize` DISABLE KEYS */;
INSERT INTO `bodysize` VALUES ('Acris_crepitans',NULL,35,25.5,NULL,NULL,NULL,NULL),('Aerugoamnis_paulus',19.3,19.3,NULL,NULL,NULL,NULL,NULL),('Ameerega_altamazonica',NULL,22.9,20.5,NULL,NULL,NULL,NULL),('Cardioglossa_elegans',NULL,23.9,NULL,NULL,35.3,NULL,NULL),('Dendropsophus_parviceps',NULL,18.3,NULL,NULL,26.1,NULL,NULL),('Gephyromantis_eiselti',NULL,21.5,NULL,NULL,NULL,NULL,NULL),('Gerrothorax_pulcherrimus',1000,3000,NULL,NULL,NULL,NULL,NULL),('Kassi_senegalensis',NULL,32.5,49,NULL,NULL,NULL,NULL),('Kurixalus_appendiculatus',NULL,37,33.5,NULL,NULL,NULL,NULL),('Odontophrynus_americanus',NULL,45,70,NULL,NULL,NULL,NULL),('Oreophryne_amiatoi',NULL,25.2,NULL,NULL,NULL,NULL,NULL);
/*!40000 ALTER TABLE `bodysize` ENABLE KEYS */;
UNLOCK TABLES;

--
-- Table structure for table `call_parameters`
--

DROP TABLE IF EXISTS `call_parameters`;
/*!40101 SET @saved_cs_client     = @@character_set_client */;
/*!40101 SET character_set_client = utf8 */;
CREATE TABLE `call_parameters` (
  `id` varchar(100) NOT NULL,
  `fundamental_frequency` float DEFAULT NULL,
  `dominant_frequency` float DEFAULT NULL,
  `pulserate` float DEFAULT NULL,
  `call_duration` float DEFAULT NULL,
  `note_duration` float DEFAULT NULL,
  `call_guild` varchar(45) DEFAULT NULL,
  `min_frequency` float DEFAULT NULL,
  `max_frequency` float DEFAULT NULL,
  `dominant_frequency_modulation` float DEFAULT NULL,
  PRIMARY KEY (`id`),
  CONSTRAINT `call_taxa_fk` FOREIGN KEY (`id`) REFERENCES `taxonomic_identity` (`id`) ON DELETE CASCADE ON UPDATE CASCADE
) ENGINE=InnoDB DEFAULT CHARSET=utf8;
/*!40101 SET character_set_client = @saved_cs_client */;

--
-- Dumping data for table `call_parameters`
--

LOCK TABLES `call_parameters` WRITE;
/*!40000 ALTER TABLE `call_parameters` DISABLE KEYS */;
INSERT INTO `call_parameters` VALUES ('Acris_crepitans',3235.5,3235.5,109.09,126.5,126.5,'3',2421.8,4262.1,-0.85),('Aerugoamnis_paulus',NULL,NULL,NULL,NULL,NULL,NULL,NULL,NULL,NULL),('Ameerega_altamazonica',4573.7,4573.7,0,NULL,27,'7',NULL,NULL,0.75),('Cardioglossa_elegans',1200,2350,110,18,18,'5',1000,2500,0.5),('Dendropsophus_parviceps',1500,2500,120,53,53,'3',1110,2500,0.7),('Gephyromantis_eiselti',4220.5,4220.5,0,188.2,188.2,'5',3661,4423.9,0.92),('Gerrothorax_pulcherrimus',NULL,NULL,NULL,NULL,NULL,NULL,NULL,NULL,NULL),('Kassi_senegalensis',1119.7,1119.7,0,98.2,98.2,'4',341.2,1828.1,7.21),('Kurixalus_appendiculatus',2426.1,2426.1,123.08,32.5,32.5,'2',1660.8,3030.2,-5.3),('Odontophrynus_americanus',823,823,105.77,454.6,454.6,'3',412.3,1143.9,0.28),('Oreophryne_amiatoi',2490,2490,200.9,2100,56.9,'6',NULL,NULL,NULL);
/*!40000 ALTER TABLE `call_parameters` ENABLE KEYS */;
UNLOCK TABLES;

--
-- Table structure for table `calling_behaviour`
--

DROP TABLE IF EXISTS `calling_behaviour`;
/*!40101 SET @saved_cs_client     = @@character_set_client */;
/*!40101 SET character_set_client = utf8 */;
CREATE TABLE `calling_behaviour` (
  `id` varchar(100) NOT NULL,
  `call_perch_hight` varchar(45) DEFAULT NULL,
  `to_water` varchar(45) DEFAULT NULL,
  `chorusing` varchar(45) DEFAULT NULL,
  `cover` varchar(45) DEFAULT NULL,
  `rapids_or_waterfalls` varchar(25) DEFAULT NULL,
  PRIMARY KEY (`id`),
  CONSTRAINT `calling_taxa_fk` FOREIGN KEY (`id`) REFERENCES `taxonomic_identity` (`id`) ON DELETE CASCADE ON UPDATE CASCADE
) ENGINE=InnoDB DEFAULT CHARSET=utf8;
/*!40101 SET character_set_client = @saved_cs_client */;

--
-- Dumping data for table `calling_behaviour`
--

LOCK TABLES `calling_behaviour` WRITE;
/*!40000 ALTER TABLE `calling_behaviour` DISABLE KEYS */;
INSERT INTO `calling_behaviour` VALUES ('Acris_crepitans','litter','at_water',NULL,NULL,'no'),('Aerugoamnis_paulus',NULL,NULL,NULL,NULL,NULL),('Ameerega_altamazonica','litter','no water',NULL,'no','no'),('Cardioglossa_elegans','litter','at_water','no','no','no'),('Dendropsophus_parviceps','litter','at_water','no','no','no'),('Gephyromantis_eiselti','litter','no water',NULL,NULL,'no'),('Gerrothorax_pulcherrimus',NULL,NULL,NULL,NULL,NULL),('Kassi_senegalensis','litter',NULL,'yes',NULL,'no'),('Kurixalus_appendiculatus','semi_arboral','at_water',NULL,NULL,'no'),('Odontophrynus_americanus','litter','at_water',NULL,NULL,'no'),('Oreophryne_amiatoi','semi_arboral','at_water',NULL,'no','yes');
/*!40000 ALTER TABLE `calling_behaviour` ENABLE KEYS */;
UNLOCK TABLES;

--
-- Table structure for table `colouration`
--

DROP TABLE IF EXISTS `colouration`;
/*!40101 SET @saved_cs_client     = @@character_set_client */;
/*!40101 SET character_set_client = utf8 */;
CREATE TABLE `colouration` (
  `id` varchar(100) NOT NULL,
  `pattern` varchar(45) DEFAULT NULL,
  `colour` varchar(45) DEFAULT NULL,
  `warty` varchar(45) DEFAULT NULL,
  `uni_vs_polymorph` varchar(45) DEFAULT NULL,
  PRIMARY KEY (`id`),
  CONSTRAINT `color_taxa_fk` FOREIGN KEY (`id`) REFERENCES `taxonomic_identity` (`id`) ON DELETE CASCADE ON UPDATE CASCADE
) ENGINE=InnoDB DEFAULT CHARSET=utf8;
/*!40101 SET character_set_client = @saved_cs_client */;

--
-- Dumping data for table `colouration`
--

LOCK TABLES `colouration` WRITE;
/*!40000 ALTER TABLE `colouration` DISABLE KEYS */;
INSERT INTO `colouration` VALUES ('Acris_crepitans',NULL,NULL,NULL,NULL),('Aerugoamnis_paulus',NULL,NULL,NULL,NULL),('Ameerega_altamazonica',NULL,NULL,NULL,NULL),('Cardioglossa_elegans','stripes','aposematic','none','polymorph'),('Dendropsophus_parviceps','points','aposematic','none','few'),('Gephyromantis_eiselti',NULL,NULL,NULL,NULL),('Gerrothorax_pulcherrimus',NULL,NULL,NULL,NULL),('Kassi_senegalensis',NULL,NULL,NULL,NULL),('Kurixalus_appendiculatus',NULL,NULL,NULL,NULL),('Odontophrynus_americanus',NULL,NULL,NULL,NULL),('Oreophryne_amiatoi',NULL,NULL,NULL,NULL);
/*!40000 ALTER TABLE `colouration` ENABLE KEYS */;
UNLOCK TABLES;

--
-- Table structure for table `dataface__failed_logins`
--

DROP TABLE IF EXISTS `dataface__failed_logins`;
/*!40101 SET @saved_cs_client     = @@character_set_client */;
/*!40101 SET character_set_client = utf8 */;
CREATE TABLE `dataface__failed_logins` (
  `attempt_id` int(11) NOT NULL AUTO_INCREMENT,
  `ip_address` varchar(32) NOT NULL,
  `username` varchar(32) NOT NULL,
  `time_of_attempt` int(11) NOT NULL,
  PRIMARY KEY (`attempt_id`)
) ENGINE=InnoDB AUTO_INCREMENT=3 DEFAULT CHARSET=utf8;
/*!40101 SET character_set_client = @saved_cs_client */;

--
-- Dumping data for table `dataface__failed_logins`
--

LOCK TABLES `dataface__failed_logins` WRITE;
/*!40000 ALTER TABLE `dataface__failed_logins` DISABLE KEYS */;
/*!40000 ALTER TABLE `dataface__failed_logins` ENABLE KEYS */;
UNLOCK TABLES;

--
-- Table structure for table `dataface__htmlreports_reports`
--

DROP TABLE IF EXISTS `dataface__htmlreports_reports`;
/*!40101 SET @saved_cs_client     = @@character_set_client */;
/*!40101 SET character_set_client = utf8 */;
CREATE TABLE `dataface__htmlreports_reports` (
  `report_id` int(11) NOT NULL AUTO_INCREMENT,
  `actiontool_name` varchar(255) DEFAULT NULL,
  `actiontool_category` varchar(255) DEFAULT NULL,
  `actiontool_label` varchar(255) DEFAULT NULL,
  `actiontool_permission` varchar(255) DEFAULT NULL,
  `icon` varchar(255) DEFAULT NULL,
  `tablename` varchar(255) NOT NULL,
  `template_css` text,
  `template_html` longtext NOT NULL,
  `default_view` varchar(255) DEFAULT NULL,
  `created_by` varchar(255) DEFAULT NULL,
  `private` tinyint(1) DEFAULT '0',
  `date_created` datetime DEFAULT NULL,
  `last_modified` datetime DEFAULT NULL,
  PRIMARY KEY (`report_id`)
) ENGINE=InnoDB AUTO_INCREMENT=3 DEFAULT CHARSET=utf8;
/*!40101 SET character_set_client = @saved_cs_client */;

--
-- Dumping data for table `dataface__htmlreports_reports`
--

LOCK TABLES `dataface__htmlreports_reports` WRITE;
/*!40000 ALTER TABLE `dataface__htmlreports_reports` DISABLE KEYS */;
INSERT INTO `dataface__htmlreports_reports` VALUES (1,'Test',NULL,NULL,'view',NULL,'taxonomic_identity',NULL,'<p>\r\n	Spiecies: {$species}</p>\r\n',NULL,'admin',0,'2015-03-17 14:59:48','2015-03-17 15:02:11'),(2,'Test',NULL,NULL,NULL,NULL,'taxonomic_identity',NULL,'<p>\r\n	The species {$Species} lives in&nbsp;{$habitat_preference.macro}</p>\r\n<p>\r\n	&nbsp;</p>\r\n',NULL,'admin',0,'2015-03-17 15:10:13','2015-03-17 15:10:13');
/*!40000 ALTER TABLE `dataface__htmlreports_reports` ENABLE KEYS */;
UNLOCK TABLES;

--
-- Table structure for table `dataface__modules`
--

DROP TABLE IF EXISTS `dataface__modules`;
/*!40101 SET @saved_cs_client     = @@character_set_client */;
/*!40101 SET character_set_client = utf8 */;
CREATE TABLE `dataface__modules` (
  `module_name` varchar(255) NOT NULL,
  `module_version` int(11) DEFAULT NULL,
  PRIMARY KEY (`module_name`)
) ENGINE=InnoDB DEFAULT CHARSET=utf8;
/*!40101 SET character_set_client = @saved_cs_client */;

--
-- Dumping data for table `dataface__modules`
--

LOCK TABLES `dataface__modules` WRITE;
/*!40000 ALTER TABLE `dataface__modules` DISABLE KEYS */;
/*!40000 ALTER TABLE `dataface__modules` ENABLE KEYS */;
UNLOCK TABLES;

--
-- Table structure for table `dataface__mtimes`
--

DROP TABLE IF EXISTS `dataface__mtimes`;
/*!40101 SET @saved_cs_client     = @@character_set_client */;
/*!40101 SET character_set_client = utf8 */;
CREATE TABLE `dataface__mtimes` (
  `name` varchar(255) NOT NULL,
  `mtime` int(11) DEFAULT NULL,
  PRIMARY KEY (`name`)
) ENGINE=InnoDB DEFAULT CHARSET=utf8;
/*!40101 SET character_set_client = @saved_cs_client */;

--
-- Dumping data for table `dataface__mtimes`
--

LOCK TABLES `dataface__mtimes` WRITE;
/*!40000 ALTER TABLE `dataface__mtimes` DISABLE KEYS */;
INSERT INTO `dataface__mtimes` VALUES ('all_traits',1425547919),('amphibian_traits',1425547438),('bodysize',1426853583),('calling_behaviour',1426853586),('call_parameters',1426853585),('colouration',1426853585),('dataface__failed_logins',1425392310),('dataface__htmlreports_reports',1426601413),('dataface__modules',1425038851),('dataface__mtimes',1425038859),('dataface__preferences',1425038918),('dataface__record_mtimes',1425038888),('dataface__registrations',1425393907),('dataface__version',1425038851),('dataface__view_6d76a248a8869f64f7e24fa412bb5b47',1426497750),('dataface__view_a44381272b1faf45b58cd5ef955af839',1426497752),('distribution',1426853583),('egg',1425479375),('egg_deposition',1426853585),('forlimb_characters',1426853584),('habitat_preference',1426853584),('head_characters',1426853583),('hindlimb_characters',1426853584),('iucn_threat_status',1426853585),('misc',1426853586),('taxonomic_identity',1426853600),('taxonomic_identy',1426506790),('users',1426779564),('user_tracking',1426853586),('vocal_sac_tympanum',1426853584);
/*!40000 ALTER TABLE `dataface__mtimes` ENABLE KEYS */;
UNLOCK TABLES;

--
-- Table structure for table `dataface__preferences`
--

DROP TABLE IF EXISTS `dataface__preferences`;
/*!40101 SET @saved_cs_client     = @@character_set_client */;
/*!40101 SET character_set_client = utf8 */;
CREATE TABLE `dataface__preferences` (
  `pref_id` int(11) unsigned NOT NULL AUTO_INCREMENT,
  `username` varchar(64) NOT NULL,
  `table` varchar(128) NOT NULL,
  `record_id` varchar(255) NOT NULL,
  `key` varchar(128) NOT NULL,
  `value` varchar(255) NOT NULL,
  PRIMARY KEY (`pref_id`),
  KEY `username` (`username`),
  KEY `table` (`table`),
  KEY `record_id` (`record_id`)
) ENGINE=InnoDB AUTO_INCREMENT=226 DEFAULT CHARSET=utf8;
/*!40101 SET character_set_client = @saved_cs_client */;

--
-- Dumping data for table `dataface__preferences`
--

LOCK TABLES `dataface__preferences` WRITE;
/*!40000 ALTER TABLE `dataface__preferences` DISABLE KEYS */;
INSERT INTO `dataface__preferences` VALUES (2,'admin','*','*','tables.bodysize.sections.__main____fieldgroup.display','expanded'),(6,'admin','*','*','tables.taxonomic_identity.sections.hello.display','expanded'),(8,'admin','*','*','tables.taxonomic_identity.sections.__main____fieldgroup.display','expanded'),(33,'admin','*','*','tables.taxonomic_identity.sections.__main____fieldgroup.order','2'),(38,'admin','*','*','tables.egg_deposition.sections.__main____fieldgroup.display','expanded'),(54,'admin','*','*','tables.taxonomic_identity.sections.colouration__relationship.order','2'),(55,'admin','*','*','tables.taxonomic_identity.sections.forlimb_characters__relationship.order','3'),(56,'admin','*','*','tables.taxonomic_identity.sections.hindlimb_characters__relationship.order','4'),(57,'admin','*','*','tables.taxonomic_identity.sections.distribution__relationship.order','5'),(58,'admin','*','*','tables.taxonomic_identity.sections.iucn_threat_status__relationship.order','6'),(59,'admin','*','*','tables.taxonomic_identity.sections.bodysize__relationship.order','7'),(60,'admin','*','*','tables.taxonomic_identity.sections.head_characters__relationship.order','8'),(61,'admin','*','*','tables.taxonomic_identity.sections.misc__relationship.order','9'),(62,'admin','*','*','tables.taxonomic_identity.sections.vocal_sac_tympanum__relationship.order','10'),(63,'admin','*','*','tables.taxonomic_identity.sections.egg_deposition__relationship.order','11'),(64,'admin','*','*','tables.taxonomic_identity.sections.habitat_preference__relationship.order','12'),(65,'admin','*','*','tables.taxonomic_identity.sections.call_parameters__relationship.order','13'),(66,'admin','*','*','tables.taxonomic_identity.sections.calling_behaviour__relationship.order','14'),(90,'admin','*','*','tables.taxonomic_identity.sections.icunThreatDetails.display','collapsed'),(91,'admin','*','*','tables.taxonomic_identity.sections.habitatDetails.display','collapsed'),(126,'admin','*','*','tables.taxonomic_identity.sections.colorDetails.display','collapsed'),(128,'admin','*','*','tables.taxonomic_identity.sections.ForelimbDetails.display','collapsed'),(130,'admin','*','*','tables.taxonomic_identity.sections.hindlimbDetails.display','collapsed'),(131,'admin','*','*','tables.taxonomic_identity.sections.headDetails.display','collapsed'),(135,'admin','*','*','tables.taxonomic_identity.sections.eggDetails.display','collapsed'),(155,'admin','*','*','tables.taxonomic_identity.sections.colorDetails.order','5'),(156,'admin','*','*','tables.taxonomic_identity.sections.ForelimbDetails.order','6'),(157,'admin','*','*','tables.taxonomic_identity.sections.hindlimbDetails.order','7'),(158,'admin','*','*','tables.taxonomic_identity.sections.headDetails.order','8'),(159,'admin','*','*','tables.taxonomic_identity.sections.eggDetails.order','9'),(162,'admin','*','*','tables.taxonomic_identity.sections.habitatDetails.order','12'),(164,'admin','*','*','tables.taxonomic_identity.sections.icunThreatDetails.order','14'),(194,'admin','*','*','tables.taxonomic_identity.sections..order','1'),(195,'admin','*','*','tables.taxonomic_identity.sections.bodysizeDetails.order','3'),(196,'admin','*','*','tables.taxonomic_identity.sections.callParametersDetails.order','4'),(197,'admin','*','*','tables.taxonomic_identity.sections.vocalSacDetails.order','10'),(198,'admin','*','*','tables.taxonomic_identity.sections.distributionDetails.order','11'),(199,'admin','*','*','tables.taxonomic_identity.sections.callBehaviorDetails.order','13'),(200,'admin','*','*','tables.taxonomic_identity.sections.miscDetails.order','15'),(204,'admin','*','*','tables.taxonomic_identity.sections.callParametersDetails.display','collapsed'),(207,'admin','*','*','tables.taxonomic_identity.sections.callBehaviorDetails.display','collapsed'),(214,'hatem','*','*','tables.taxonomic_identity.sections.colorDetails.display','collapsed'),(216,'hatem','*','*','tables.taxonomic_identity.sections.ForelimbDetails.display','collapsed'),(217,'hatem','*','*','tables.taxonomic_identity.sections.hindlimbDetails.display','collapsed'),(219,'admin','*','*','tables.taxonomic_identity.sections.historyDetails.display','expanded'),(220,'admin','*','*','tables.taxonomic_identity.sections.bodysizeDetails.display','expanded'),(221,'admin','*','*','tables.taxonomic_identity.sections.miscDetails.display','expanded'),(222,'admin','*','*','tables.taxonomic_identity.sections.vocalSacDetails.display','collapsed'),(223,'admin','*','*','tables.taxonomic_identity.sections.distributionDetails.display','collapsed'),(224,'hatem','*','*','tables.taxonomic_identity.sections.bodysizeDetails.display','expanded'),(225,'hatem','*','*','tables.taxonomic_identity.sections.distributionDetails.display','expanded');
/*!40000 ALTER TABLE `dataface__preferences` ENABLE KEYS */;
UNLOCK TABLES;

--
-- Table structure for table `dataface__record_mtimes`
--

DROP TABLE IF EXISTS `dataface__record_mtimes`;
/*!40101 SET @saved_cs_client     = @@character_set_client */;
/*!40101 SET character_set_client = utf8 */;
CREATE TABLE `dataface__record_mtimes` (
  `recordhash` varchar(32) NOT NULL,
  `recordid` varchar(255) NOT NULL,
  `mtime` int(11) NOT NULL,
  PRIMARY KEY (`recordhash`)
) ENGINE=InnoDB DEFAULT CHARSET=utf8;
/*!40101 SET character_set_client = @saved_cs_client */;

--
-- Dumping data for table `dataface__record_mtimes`
--

LOCK TABLES `dataface__record_mtimes` WRITE;
/*!40000 ALTER TABLE `dataface__record_mtimes` DISABLE KEYS */;
INSERT INTO `dataface__record_mtimes` VALUES ('001cfa88cbb054ef37a08900cd0dfadd','misc?id=A23',1426520617),('00313f4e162a12233a6357c4884a46aa','forlimb_characters?id=Gephyromantis_eiselti',1426853574),('003d6f53f440680ba42d8912cb2802ba','vocal_sac_tympanum?id=Anomocoela_paulus',1426506150),('00648e7c494f53078c87e476958e78a9','user_tracking?id=557&userid=hatem',1426853557),('0080ed8e546e80b26822f26670568f75','egg_deposition?id=Hyperoliidae_senegalensis',1426506169),('009567db9436655dbfbca6cb54d32507','taxonomic_identity?id=Acris_crepitans',1426853600),('00bcdbe25261e54ce5ab04d686eb3ac0','user_tracking?id=442&userid=hatem',1426853427),('00fe2282eefa4d7db7c8b81b98ee0a1a','egg_deposition?id=Hylidae_crepitans',1426506155),('01754034e84667a77fa98b89a1fb0849','taxonomic_identy?id=Lupinus+obtusilobus',1425313725),('01845ec5de5d02a6ac8833c6523d660d','bodysize?id=Iris+macrosiphon',1425313699),('0199d28a51b2f9dc40d383793649ef7f','taxonomic_identity?id=_',1426586391),('01e2a4786d134af7eb1dfff70954471b','user_tracking?id=348&userid=hatem',1426853392),('0201d89e0f29b1bd5127a4a5ffaf6f9b','bodysize?id=X251',1425563529),('022a54995b86ab68e7479af7c05ca799','user_tracking?id=13&userid=hatem',1426782894),('022bc3a024587d27671d48f9b165cbf9','user_tracking?id=353&userid=hatem',1426853394),('024f9c238170b9ad5e63e1be648ee9bf','user_tracking?id=594&userid=hatem',1426853570),('0267f50e6cce6da3e4ab307f91af9398','taxonomic_identy?id=',1425372848),('026e3fbfcf291564e105ae11c45833e7','user_tracking?id=176&userid=hatem',1426853315),('0284e5c380016dc01ba960e0bc6bf585','vocal_sac_tympanum?id=7',1426602239),('02aaece0bba86aab02b62e8f59872b4f','taxonomic_identity?id=aa_ff',1426778852),('02ba32b8a2777fd0a35402545bc85868','bodysize?id=Microhylidae_amiatoi',1426506166),('032039e0911dc16f828bdac48ae4a900','user_tracking?id=80&userid=admin',1426853184),('032bf935ab81d3e7ec1aef75e27b15cf','head_characters?id=X29',1425558761),('03394953f80c449202b28a1e7acbb564','habitat_preference?id=Hylidae_parviceps',1426506146),('0355b4e029a2ad311f005a3a3ec70ce5','user_tracking?id=150&userid=admin',1426853215),('035925938e90cf9ce40400f2b84b5003','taxonomic_identy?id=27',1425372867),('03690becb04ff5a82d30f592992ae2b9','user_tracking?id=514&userid=hatem',1426853541),('037cadacf5d477a09a73a92b53639d7f','misc?id=Hylidae_crepitans',1426506156),('038c965f610fbdfafa9fddb2861774f3','users?username=x',1425395643),('039ce5852c6c577094bc22a6741d3add','misc?id=Arthroleptidae_elegans',1426506143),('03b82afa06cecaa1410dc1a8e9abed1e','taxonomic_identy?id=test_test',1426505703),('03d372b42efd0ee35c182d0c9b6a8327','user_tracking?id=360&userid=hatem',1426853396),('03f2f9daf287d705207710af7e84051b','hindlimb_characters?id=Anomocoela_paulus',1426506150),('0442c4105a5af043ecdc43671ee07f46','user_tracking?id=193&userid=hatem',1426853322),('049447a19323625cffc21fc74e6085e4','user_tracking?id=354&userid=hatem',1426853394),('049e5c1ab1e426bf9caf60d3e93e1383','user_tracking?id=133&userid=admin',1426853209),('04b1f265f70b65685892fb0c99990d5e','calling_behaviour?id=Odontophrynus_americanus',1426853571),('04decdfbcba5e85b33ca30ff547adccb','misc?id=Hylidae_parviceps',1426506147),('0501109e36a200fd43d0b47e9081598d','forlimb_characters?id=A29',1426518416),('050fe37256fb14f82161632838822de3','user_tracking?id=226&userid=hatem',1426853334),('05449161427a265c0b19b34caa4be723','user_tracking?id=9&userid=hatem',1426782220),('055b01129fd162c43b67e5197258a159','colouration?id=Hylidae_parviceps',1426506146),('05f8ae0912ca09a211802deec5be53f4','bodysize?id=Cynoglossum+grande',1425312485),('06307abb20e004de300f9ed1da2b1e27','taxonomic_identy?id=Acris_crepitans',1426506790),('0679aa3a48a17753e9e2b3d29459e2f7','taxonomic_identy?id=Odontophrynidae_americanus',1426506175),('068025ba01fafde31c151c973ae16675','vocal_sac_tympanum?id=34',1426505044),('0699f9dbe7b4c1d2342f6d0d840fbe78','colouration?id=Viola+cucullata',1425312492),('06bb372311cfa904abb50fadb3a7d559','taxonomic_identy?id=Aerugoamnis_paulus',1426506433),('06e2895fd9ebaa08a458ade5b37594b8','user_tracking?id=463&userid=hatem',1426853435),('06ebe7e0a770e0a6c6f38a2f3494b9ae','call_parameters?id=Plagiosauridae_pulcherrimus',1426506149),('0757263d7888354156cdb1394bb03888','distribution?id=X1',1425554278),('0807cc4614df3e3488d7f1a361ff391a','user_tracking?id=544&userid=hatem',1426853553),('08456b96683d9ffa4925e3fba2a37ae4','user_tracking?id=426&userid=hatem',1426853422),('0858c6e6ea017d2bd3fa7adbc93b5bf3','user_tracking?id=608&userid=hatem',1426853576),('08a237e426e185882ebab9268dbe9818','user_tracking?id=460&userid=hatem',1426853434),('08b542970a64841d508ea7e0d88106b0','user_tracking?id=389&userid=hatem',1426853406),('08c9d7026324bf112460c7a36e754c60','forlimb_characters?id=A25',1426518416),('08cac959426931a610d095ea257d84f4','hindlimb_characters?id=_',1426586392),('08ce3c19d6ae3b22afc2a871b3d07377','forlimb_characters?id=Hylidae_parviceps',1426506144),('0918b31660dc6ef06154a38d3c4cc969','bodysize?id=333',1425308164),('09255f053b106ab47d023a8c869bcedc','forlimb_characters?id=X231',1425563526),('095574c65f124c7e6740db4256a6c256','user_tracking?id=61&userid=admin',1426853176),('098c3a011a45580e75ad07e40340cbfa','bodysize?id=A28',1426518006),('09a64a9cf5aee1f924f620864d4ed28f','user_tracking?id=405&userid=hatem',1426853413),('09b5d80acd8c7006ae1cc676c591f8c7','user_tracking?id=26&userid=hatem',1426846874),('09bd614659c1e716cda90b642ee7b9fd','user_tracking?id=255&userid=hatem',1426853345),('09c9fab08c6d830b053a1424f7a241bc','user_tracking?id=94&userid=admin',1426853189),('09d26818495cbbbb7d8a571594ebe300','taxonomic_identy?id=2',1426505057),('0a288c5030b4fdd9dda2a61fbcb3a225','iucn_threat_status?id=Aerugoamnis_paulus',1426853550),('0a5396b1870803834dddc89f71c0317c','bodysize?id=X18',1425557861),('0a59805a57d7b78bc8a53ceac45b923c','user_tracking?id=622&userid=hatem',1426853581),('0a7551de7ef2d88bc0869de9872240e6','colouration?id=Lupinus+caudatus',1425312479),('0a9a5b093b4e822928a15938f6767624','head_characters?id=X25',1425558758),('0ab1c4e737d6e2d9bef60cc7f746addd','taxonomic_identy?id=7',1426505058),('0adea275a03fc1d73fa59940575b2bd7','colouration?id=Pholistoma+auritum+var.+auritum',1425312504),('0adf54b04107005a5085b4d2bc5a895f','habitat_preference?id=Cardioglossa_elegans',1426853534),('0b050ee47eb77979de76386c7d7f70c5','user_tracking?id=106&userid=admin',1426853194),('0b221bb637669259f7286de5c3ce984c','distribution?id=Acris_crepitans',1426853552),('0b5b32a20aa7dc0ec91d81e25d39f489','user_tracking?id=270&userid=hatem',1426853350),('0b62ba655752ffea6e6a19e585f95a75','bodysize?id=Odontophrynidae_americanus',1426506162),('0b72b46cdadc9fff23867754e4ffc1dd','user_tracking?id=379&userid=hatem',1426853403),('0bb428bdf36f81cc08fbe9b84054f788','taxonomic_identy?id=16',1425372865),('0befceeef463f7f981ba29f312b5b4aa','user_tracking?id=335&userid=hatem',1426853387),('0bff4bfb3d91778d8c8f7c6c99daf775','bodysize?id=Dendrobatidae_altamazonica',1426506159),('0c167656050aeb0e8d8a2fdaf2bc7b69','taxonomic_identity?id=A28',1426518023),('0c18ffd662ccee8dba3604af35a5de9a','user_tracking?id=24&userid=admin',1426853161),('0c62531204dbabcc53dde48802e5df28','vocal_sac_tympanum?id=Aerugoamnis_paulus',1426853549),('0ca4335047cc931d2de0e9694e6ff201','user_tracking?id=220&userid=hatem',1426853332),('0cafac30fc5a74276c723bf1270e05a0','calling_behaviour?id=4',1426602233),('0ce6d47e40d549a152303c1a44ab804b','distribution?id=Mantellidae_eiselti',1426506164),('0cea3f5ccc03dd2fb3f8897bbb13f5a0','hindlimb_characters?id=Kassi_senegalensis',1426853584),('0d06f6a338e8552c3cac2dc5ad531aaf','egg_deposition?id=Rhacophoridae_appendiculatus',1426506158),('0d206bc7755e959c44a192ec85c32f2c','taxonomic_identy?id=Hylidae_parviceps',1426506174),('0d2df28c8a41603e7e2c917ca9e101ce','user_tracking?id=546&userid=hatem',1426853553),('0d410d8437810022b7c64c783cddfd1d','vocal_sac_tympanum?id=Arthroleptidae_elegans',1426506141),('0d8ede1638a93bbba4ebd24e18ebe9ec','user_tracking?id=302&userid=hatem',1426853361),('0dcd66a69e5e6a696ab89fe30c97ff0b','user_tracking?id=635&userid=hatem',1426853585),('0df44d1b109a0ef90db820ac32370d2d','taxonomic_identy?id=G',1425551865),('0e35ba50cf31608e323475a6158bc318','call_parameters?id=A23',1426519930),('0e4297b8c23c0689cd0fe331daf09694','distribution?id=3',1426764872),('0e641fe0eb1b7370f683386c5ee1979a','user_tracking?id=485&userid=hatem',1426853532),('0e75d297401bd0cbcaa2746466ea9ec8','user_tracking?id=488&userid=hatem',1426853533),('0ea432dec9cce9fa8278cd749990b8dd','taxonomic_identy?id=Brodiaea+coronaria',1425312480),('0eb952b82b3c9461a21db14c55dee32c','iucn_threat_status?id=8',1426602242),('0ec964bda6fb504c582a27e48caebab3','forlimb_characters?id=',1426585639),('0ececd4d7f63c7995b56521b2306f206','user_tracking?id=511&userid=hatem',1426853540),('0ee38a6278447590a5ea707cf7567fa6','colouration?id=A27',1426519789),('0ef0309cf6b5786c8735eb3c519e599a','taxonomic_identy?id=Iris+douglasiana',1425313731),('0ef9c6691019dd97b5798446cfbcd8ff','head_characters?id=34',1426505044),('0f199faab1de21cc5344d6b2126616cd','user_tracking?id=356&userid=hatem',1426853395),('0f3635d400ac0eabcae56154cae7d24e','forlimb_characters?id=A24',1426518416),('0f60b81b8e6830ad95c5abe86240efc4','head_characters?id=A25',1426518269),('104040fd2b425418ec4bd1115f54c0e9','forlimb_characters?id=A22',1426518415),('10575a1aaf525f512ca7bf09d589c8c5','habitat_preference?id=Gephyromantis_eiselti',1426853575),('105dfaf6ce5fa381a2d40c92204db860','user_tracking?id=634&userid=hatem',1426853585),('1066ac372d4cf3e654bd994ead0c441a','user_tracking?id=137&userid=admin',1426853210),('108bce8fffe0b7fa669006651d7970a2','user_tracking?id=113&userid=admin',1426853197),('10905ef6037258147b1d7f6c9c173a37','taxonomic_identy?id=Anura',1425554205),('10bb5da182f998fa3537b9d25c084dfc','taxonomic_identity?id=Dendropsophus_parviceps',1426853600),('10ecc458f51d3c8991fe8dd951c92ef5','hindlimb_characters?id=Hylidae_crepitans',1426506154),('10f1b80767eedef6d70a5e780492806f','taxonomic_identy?id=X221',1425563524),('1101175d7f1d8ee3dfc3807dfff11649','user_tracking?id=374&userid=hatem',1426853401),('1107bacbbb31ffd57d3c10d97d6e0098','colouration?id=A21',1426519788),('11183275433fdbaf86e719dd08a7f0f8','colouration?id=A24',1426519788),('112cb49e29a32b40b1c3c16e4a7eab22','iucn_threat_status?id=A24',1426519614),('116f618a1ca459c96137e439e61f5907','taxonomic_identy?id=kk_hk',1426505378),('118a95376218c0dbbf16d103f7271407','user_tracking?id=606&userid=hatem',1426853576),('1194809376d14dc373f8956a9959b127','user_tracking?id=174&userid=hatem',1426853314),('11d06d4c06e9331cb0b1d5844c2911af','taxonomic_identy?id=X15',1425557857),('11e029c7210f5c5c6dd433bac958205b','bodysize?id=Lupinus+polyphyllus',1425313697),('11e9743a590121490a2b9dcc022b3e96','user_tracking?id=151&userid=admin',1426853216),('120c7c5d16a06e6fd15188afe757319f','iucn_threat_status?id=9',1426602245),('122fd5a8ba7adf0eb207c6e705f2bd5c','taxonomic_identity?id=A30',1426518024),('13760ee97c6c980bcccdba977940390f','user_tracking?id=11&userid=hatem',1426782452),('13950f2788b85f143b82b08477f7d0fb','taxonomic_identy?id=42',1425372868),('13dc33067e82e885f67fab576823bdfe','colouration?id=Arthroleptidae_elegans',1426506142),('13f718a0a79b2311742dd07cd52a8786','user_tracking?id=190&userid=hatem',1426853321),('142bb858cf2387b46a1d85d1a15283a7','colouration?id=Iodanthus+pinnatifidus',1425312484),('146d5a7ff4caa033c231c7531298036f','habitat_preference?id=Plagiosauridae_pulcherrimus',1426506148),('146fb7ee56b451e6ff8f771246b8e187','bodysize?id=Ipomoea+purpurea',1425313700),('14724dbdcb436cdb3d0afd57386d41cb','vocal_sac_tympanum?id=Oreophryne_amiatoi',1426853580),('147b5811c79b6b26cdd0c69ebbc28dd5','distribution?id=X18',1425557861),('149259468f7b6aa66814439ab40453d0','vocal_sac_tympanum?id=A29',1426518798),('15017893069333752038e0d7cca982d2','user_tracking?id=37&userid=admin',1426853166),('151dccdae2aff0ad71760e41dfd6a96e','user_tracking?id=518&userid=hatem',1426853543),('1524450b85b5dce54c599b749a3b93c1','colouration?id=Acris_crepitans',1426853555),('153f976764a57775fce75cbd4c703f65','egg_deposition?id=7',1426602240),('15572f86fd61f8980ee2e8805cb13696','misc?id=Ameerega_altamazonica',1426853567),('155a2a42fea1a4a0805e3e8cdf97e6fe','misc?id=Rhacophoridae_appendiculatus',1426506159),('1562282591de3a139bba8afdc925ba1f','vocal_sac_tympanum?id=X291',1425563532),('15719ae2b94d32ca8117d4fa27b90a64','taxonomic_identity?id=Odontophrynus_americanus',1426853600),('157b8fa1fecfd2b4e17640001ccb8178','iucn_threat_status?id=A26',1426519614),('15a5df5ef6a8d94664760aea0c02fe82','vocal_sac_tympanum?id=Hyperoliidae_senegalensis',1426506169),('15cc248d43328e03f65cdc9938bf4fdc','habitat_preference?id=A23',1426518974),('16105f06bbb7434f459e2b3940ca1fb4','distribution?id=Gephyromantis_eiselti',1426853572),('1621bc723c07c6fbcb6efb23b1a8b6f2','taxonomic_identy?id=17',1425372866),('162cda9327b6098f65103c8fbe588d69','call_parameters?id=442',1426505048),('1643effc69980a444e4c15a1d7d45599','misc?id=Oreophryne_amiatoi',1426853582),('164d722142e9e1e2a991c924ccbefcdb','egg_deposition?id=442',1426505047),('1672160e827ca1dc79c86091880c0ea0','taxonomic_identy?id=F',1425551865),('1687d6ee18b2c75388a55369a4eed871','user_tracking?id=631&userid=hatem',1426853584),('16b26bd148ebb53ef627df06cc700853','taxonomic_identy?id=X6',1425554287),('16e153bfdc27acd890d60a525af4f625','distribution?id=X271',1425563531),('1714d63108f4677f756ce4dc6f98d762','colouration?id=Lupinus+obtusilobus',1425313688),('173dedc527e6db17d5f33237de084a75','head_characters?id=X251',1425563529),('17497ccce33d08775eb6cb983448152f','user_tracking?id=448&userid=hatem',1426853429),('17722ac16d8ec497cfc0f929b5f52600','user_tracking?id=479&userid=hatem',1426853440),('17c86b074b8ca1c4d3d9bcb9d24e47b8','calling_behaviour?id=Kurixalus_appendiculatus',1426853561),('17d9df00c2077dd42b18ce0e54643783','taxonomic_identy?id=34',1426505058),('18026c63bf4192bb38d3976273d457bd','colouration?id=Campanula+scouleri',1425312501),('1833788ec877a7beb4f57433c8ba04c2','call_parameters?id=Rhacophoridae_appendiculatus',1426506158),('183607db6941b397601f75e014f0c46c','user_tracking?id=101&userid=admin',1426853192),('1845229fe86aff66610cb112158a8f81','iucn_threat_status?id=Oreophryne_amiatoi',1426853581),('184b36219c9ee461a834d1ed111725f8','calling_behaviour?id=A27',1426520029),('1850bacad0e42e58de6fdbb02edb6e9f','egg_deposition?id=6',1426602238),('18cc77e5bd273f0d353eb6e48d258c66','forlimb_characters?id=X29',1425558761),('18eab44bcbe4147e4c8879185354966a','distribution?id=X221',1425563524),('18eecd81cf3213729d40ac61f71beadf','iucn_threat_status?id=A30',1426519615),('190b006f7e1ee2d27d6f3b471656635d','user_tracking?id=580&userid=hatem',1426853566),('1915e0f7b802b7e26b0d0cbed86383a3','user_tracking?id=102&userid=admin',1426853193),('1920798450aed2819c6868fc072e8802','bodysize?id=12',1425373355),('1931468c167a926c8e29d5170636fb24','user_tracking?id=91&userid=admin',1426853188),('1950ee99e1b0a1ded10bee1b53061e7a','taxonomic_identy?id=Polemonium+reptans',1425312500),('1965ded9c5ce3806eb572fc4f105bfdc','habitat_preference?id=',1426585639),('19938c3ca8bda125d0e1c3855101a450','users?username=x1',1425395738),('19c20e849736b2f66408fb1d12281a26','taxonomic_identy?id=14',1425372865),('19e5a0ba45536dca4242f3baa052c884','hindlimb_characters?id=Microhylidae_amiatoi',1426506166),('1a0d73e629d53bd771e8739ee68b300e','vocal_sac_tympanum?id=A21',1426518798),('1a10a1b6be92abd88854cd621a5528fe','bodysize?id=14',1425373356),('1a18d2fcb59345e10e4b8045c7e1f84f','hindlimb_characters?id=Rhacophoridae_appendiculatus',1426506157),('1a24af04f375e693e5f5adbeb2e11275','user_tracking?id=147&userid=admin',1426853214),('1a2fdc5b26356d8f4cd13113b0d27422','user_tracking?id=263&userid=hatem',1426853347),('1a37296cc02b4001bc9d8856fbae05a4','user_tracking?id=48&userid=admin',1426853171),('1a4f4ef817d6b86ea4005b1244398844','user_tracking?id=536&userid=hatem',1426853550),('1a65892e36ab7d66260cdf8cad6aaeda','distribution?id=Kassi_senegalensis',1426853583),('1a995a47e7a791d83eb2c826362db6b2','user_tracking?id=23&userid=hatem',1426841506),('1a9c06ba99d3f711f2113e43c47a5a82','bodysize?id=X23',1425558755),('1aa28b55c800db6f301d966281e4ff7d','forlimb_characters?id=34',1426505044),('1aa4989dd7ded53d86c3a68f56d113e2','user_tracking?id=224&userid=hatem',1426853333),('1accd692b033609fb90dca260486f8d1','user_tracking?id=173&userid=hatem',1426853314),('1ae1e408619ceaa3581975c18ed6c0ca','user_tracking?id=473&userid=hatem',1426853438),('1afcb776c7c5ccae5e1e68bb2610cd2a','forlimb_characters?id=1',1426602223),('1b222f346f8b2d4a78bee3959e3e3175','user_tracking?id=388&userid=hatem',1426853406),('1b5ff52fdeab9a9ce74d85a0d645c7c9','taxonomic_identy?id=13',1425372865),('1b6b935b3c5bb93617d5e46e9790616d','users?username=fff',1425395862),('1b7558cc895dcadc084a88f5be2d3a4b','calling_behaviour?id=1',1426602225),('1bc0e6949ac9749c5f5474db4b56cdaa','user_tracking?id=320&userid=hatem',1426853374),('1bd0d7cade0c21ab97a9550443d0fcde','taxonomic_identy?id=Salvia+columbariae',1425312502),('1bd894236bd92c2031540e4aac572b90','iucn_threat_status?id=Dendropsophus_parviceps',1426853539),('1bff4692560159fb74d4ca6d655f6dad','user_tracking?id=192&userid=hatem',1426853322),('1c075b3a4081e3e1501ee6e84b61050d','user_tracking?id=380&userid=hatem',1426853403),('1c143b92be5310bd7fe4d73f34350ebc','user_tracking?id=527&userid=hatem',1426853546),('1c66d99ccbd7de54c36b890e4551ccb3','user_tracking?id=208&userid=hatem',1426853327),('1c79a323f66204a591b21ffa1211e82f','taxonomic_identy?id=Lupinus+polyphyllus',1425313728),('1c9a0dc7ca9382555d92a3f710782f44','user_tracking?id=530&userid=hatem',1426853548),('1cc05445e8d4098e05c7cfd684d017b9','user_tracking?id=468&userid=hatem',1426853437),('1d0fdc297b6d299119a3ffe90de84a04','user_tracking?id=587&userid=hatem',1426853568),('1d1619b8dc44d0203588dd88ee6619c5','user_tracking?id=273&userid=hatem',1426853351),('1d30a4f36fa2c9a0f4569859e16ee01e','user_tracking?id=240&userid=hatem',1426853340),('1d37b25ff01b101d083e962595014c99','taxonomic_identity?id=9',1426764852),('1d5fce490bea2a0df05ddefebce024dc','user_tracking?id=486&userid=hatem',1426853532),('1d8e8521661373468d8c1dbc4f74085f','user_tracking?id=325&userid=hatem',1426853376),('1d9abd6b929101fcb0bb70b774ad4716','iucn_threat_status?id=_',1426586393),('1d9b2e55b2d8d2dfa9082cc021a6d830','taxonomic_identy?id=33',1425372867),('1da89fb5d4c5996fae91c63ee5b64d56','user_tracking?id=355&userid=hatem',1426853395),('1db465a32d80f1e5a7181d795f1ad297','forlimb_characters?id=Mantellidae_eiselti',1426506164),('1dc5f1cf3356509c97c3d4d8f7853fc4','user_tracking?id=177&userid=hatem',1426853315),('1de5fd1e96037ee12aba44c92531606c','hindlimb_characters?id=Gephyromantis_eiselti',1426853574),('1e1bbdd398256a990b90f9c6847473ce','user_tracking?id=393&userid=hatem',1426853408),('1e7752b4551d1411064d658b420ccc11','bodysize?id=Anomocoela_paulus',1426506149),('1e7fea0e2f6f684135fa91178718f97c','user_tracking?id=638&userid=hatem',1426853586),('1e9e6dbc2bb81b6fb9542abd9924d89f','taxonomic_identy?id=Iris+virginica',1425313724),('1ec08f751e027fa7ab823e59f888d2b5','user_tracking?id=47&userid=admin',1426853170),('1f0c1a16e50c1c63c41950a6eb98f052','bodysize?id=X11',1425555932),('1f781307688ada533629941b6ca31796','user_tracking?id=444&userid=hatem',1426853428),('1f7f22dfd89c3bee254bb6274c46aafd','taxonomic_identity?id=',1426585638),('2013617c8989517da6bdfe73c25dd941','bodysize?id=Campanula+scouleri',1425312501),('2014b1edb4b148eb778fe581e7f6a31a','taxonomic_identy?id=Plagiosauridae_pulcherrimus',1426506174),('2015b4e50c3165ba66da24d57b494328','user_tracking?id=197&userid=hatem',1426853323),('201a2e2545bd1a6d0cf0f8c7c79c8395','user_tracking?id=363&userid=hatem',1426853397),('20222dc0250090cd54ce910025e2311d','egg_deposition?id=Dendrobatidae_altamazonica',1426506160),('20522942dd271b46e6eee38185c510ba','colouration?id=22',1426505050),('207c328f16b7dd0f95c564be606b5c21','bodysize?id=X8',1425555930),('2099f810277750ce5511ce7d1f3564fc','colouration?id=Lupinus+breweri',1425312489),('20b35f17f7ee4df30f82f9436fc43e5c','egg_deposition?id=Mantellidae_eiselti',1426506165),('20c44e21a612336cca0e67698aaf5290','user_tracking?id=268&userid=hatem',1426853349),('20cc365f0e706a46ccdd2e52e5628514','user_tracking?id=183&userid=hatem',1426853318),('20d8d56007998e8be592593ed365ecca','taxonomic_identy?id=Linanthus+parryae',1425313723),('20de509c449eca0348204128700186f2','user_tracking?id=73&userid=admin',1426853181),('20e8b448e14e45452c60002fc3f2b1c1','colouration?id=1',1426602225),('20f239533febb03202504e3d05c4fb34','colouration?id=A29',1426519789),('2101caca9505bb5efd62f5fe7d7dcabb','users?username=guest',1425392996),('21136c6991284f7357643ad69ae8289f','head_characters?id=10',1426602246),('2133a0e7f0450854fb15eddf26702b00','iucn_threat_status?id=34',1426505045),('21500ee185a887c3dec6d833b4978993','user_tracking?id=351&userid=hatem',1426853393),('215d1720a0733a1e7adc685e2c059e4a','distribution?id=Linanthus+parryae',1425371969),('21640ec4dc54d77c98dfce416d143897','user_tracking?id=27&userid=admin',1426853162),('2175de2b5e031f07bc0135d583094c7c','user_tracking?id=191&userid=hatem',1426853321),('218df3519450819a0018769d1fc97800','forlimb_characters?id=6',1426602237),('21de6f4713bc8b45e197f5f253e47632','user_tracking?id=297&userid=hatem',1426853359),('21def0908d4eb503996a9234d96e9d1c','habitat_preference?id=A27',1426518975),('21f796cc5bee5ea5708d0600fb1e7f32','vocal_sac_tympanum?id=Dendrobatidae_altamazonica',1426506160),('21fad44617125de98f889ef4f070ad6b','users?username=aaaf&email=admin%40localhost.com',1425394325),('227eceb5defb0dae9c1199cf5f7bc82c','user_tracking?id=153&userid=admin',1426853217),('22ad437cc6b64e9e03f0f1dc76d766b8','user_tracking?id=134&userid=admin',1426853209),('22c54fe4ad63234eef2c1d95ccb4a8d5','user_tracking?id=235&userid=hatem',1426853338),('233505222b5f4182741f1a12f19f7695','distribution?id=X6',1425554280),('2368775646900df21d182c8fa045135a','calling_behaviour?id=fffff_faf',1426782895),('23bff3167c753ea73d50844635987e1d','colouration?id=_',1426586393),('23cff50d9093046cea8b7b279ebee008','colouration?id=Campanula+scabrella',1425313704),('23ee7c01d47fe0807934bb46f4b17ff0','distribution?id=Odontophrynus_americanus',1426853568),('240454320b113525adc3e9a7a3473f50','hindlimb_characters?id=Aerugoamnis_paulus',1426853548),('2421236a1bbefb8cb6878ebc7ae78466','taxonomic_identy?id=Iodanthus+pinnatifidus',1425312484),('243d330758ecfb5737eb03ca180a531e','call_parameters?id=A25',1426519930),('2459213cf3955843750709c60551b323','user_tracking?id=149&userid=admin',1426853215),('246e2e89cd14ffa1b8c9577ae8d6581b','vocal_sac_tympanum?id=Ameerega_altamazonica',1426853565),('247d485cacfb303626803069a4a41428','user_tracking?id=108&userid=admin',1426853195),('2490a73070ae0bed305fc893ea0ab255','bodysize?id=X27',1425558759),('24f76a341a1e8d79815bc8988ddb9b33','user_tracking?id=431&userid=hatem',1426853423),('2509a2978e461dc5108e3cbfda05f7b3','calling_behaviour?id=Arthroleptidae_elegans',1426506143),('251dac6b0efbe398ffa7c55e93c52dab','misc?id=442',1426505048),('2576ec76c7072b331adeb1fd4bd4217d','user_tracking?id=188&userid=hatem',1426853320),('25a2eeefecae1262a8503ce35dac1973','misc?id=5',1426602236),('25b0b59a60022d87134422e85cfdd59c','user_tracking?id=329&userid=hatem',1426853377),('25b9237b8913a97a9bff605f8affdcd1','user_tracking?id=285&userid=hatem',1426853355),('264c031e2216506fb0d3f7fc3815372f','taxonomic_identy?id=8',1426505058),('26551b98a3389068c017e1cf6fc1cb69','habitat_preference?id=Rhacophoridae_appendiculatus',1426506158),('26bced9fad3393844592a4db86cf13f9','users?UserID=8',1425462776),('26bfa33aecdb8dabc1eb7ee3c1cc0a09','user_tracking?id=470&userid=hatem',1426853437),('276e4326f9429643a5669c9618a1ae94','taxonomic_identy?id=5',1426505058),('2783c499c20c8e0a781cda8144bebd7f','user_tracking?id=280&userid=hatem',1426853354),('2789b65645538d616beac5cfa2daed68','distribution?id=A22',1426518098),('27a425ac1724a3cf292550c4e177f384','user_tracking?id=58&userid=admin',1426853175),('28562c4545cddaf9c40cd5ad3d61bb81','hindlimb_characters?id=',1426585639),('2862df0b7096a611a76781249ac7c702','user_tracking?id=227&userid=hatem',1426853335),('289d48beb32767e34a9f2a0e2ea8ce9a','calling_behaviour?id=9',1426602245),('28c601bb246c88c5630a07be025bcfb2','forlimb_characters?id=66',1426505051),('28edbb0aa2fe30c852b5121eb411cd39','forlimb_characters?id=Acris_crepitans',1426853553),('2914cea3b2153d6090e5f3167ced4983','iucn_threat_status?id=6',1426602238),('291b392ea00fbef41058e60ca987f0ec','distribution?id=_',1426586392),('291e53a11f19e220a5eeaae229d79b5e','user_tracking?id=581&userid=hatem',1426853566),('293425e81ca0a22315e174d22f0d954b','taxonomic_identy?id=A29',1426501015),('29654b31e43482164c7f3f0d0f16d5df','users?username=aaa1',1425395327),('299832c5292524faf15a06319070b34c','taxonomic_identy?id=Campanula+americana',1425312505),('29e0c601e41468ad1178f9f9b65651f0','misc?id=3',1426602231),('2a0d4507260c905a2ac86ddb7ce2b454','bodysize?id=Brodiaea+coronaria',1425312480),('2a26bc88eb4c0218f4092ccd80b3ed78','user_tracking?id=602&userid=hatem',1426853574),('2ac0aed5b120a643aff5d849e6722ab4','habitat_preference?id=A30',1426518976),('2adf1419b60d0dc2a481020e6c8d83aa','colouration?id=Lupinus+grayi',1425313680),('2aedc5cf9ef0ef60fab1c292104dd19d','vocal_sac_tympanum?id=Microhylidae_amiatoi',1426506167),('2b0f0bf01c31441d40ed2d80a9cc0892','bodysize?id=Odontophrynus_americanus',1426853568),('2b1b68b7cfee4f7b932595d803f336f2','taxonomic_identy?id=Lupinus+succulentus',1425312488),('2b286d91d5b8b5cfb2d1c6037f8c7a7a','user_tracking?id=59&userid=admin',1426853176),('2b2ef9185307e0737c13af6a813a2516','bodysize?id=',1426585639),('2bb63e515fe857f3db5740201b372799','colouration?id=Scutellaria+parvula',1425312494),('2c12cf028e89d5c964d759f67d53caf5','hindlimb_characters?id=A24',1426518588),('2c46b46475759d258156dee73c6274c4','user_tracking?id=88&userid=admin',1426853186),('2c6b79eb777b3939f09174a26120dfe1','user_tracking?id=228&userid=hatem',1426853335),('2c854ed8c0a8e929292597cca38ff2f8','user_tracking?id=310&userid=hatem',1426853365),('2cb91e784cc7ae9842ef0d8d62773175','forlimb_characters?id=X25',1425558758),('2cc8ee4d18e41a04574b69d2d16cc5a8','user_tracking?id=119&userid=admin',1426853200),('2cccd0ae05131eb01330641bff6b251c','taxonomic_identy?id=Symphyotrichum+laeve',1425312505),('2cd62d682625ada26e98b6730144ed2b','bodysize?id=X21',1425557864),('2cdc8e702922e42bb6c02ee61b9c7628','colouration?id=Eriastrum+pluriflorum',1425312480),('2d21e684d680b92b8a9799ff918ed842','user_tracking?id=439&userid=hatem',1426853426),('2d37899a731ce0961871d45865d55155','user_tracking?id=274&userid=hatem',1426853352),('2d82db1321b36155e25d4160cbcee0d4','vocal_sac_tympanum?id=A30',1426518798),('2d984cb5fb101747d4e1afa56cd0695f','hindlimb_characters?id=8',1426602242),('2da0b31341c2c57c2c94ff7053a075a0','bodysize?id=X20',1425557863),('2db675493c1837ae4a3e57778f0a6269','user_tracking?id=167&userid=hatem',1426853311),('2dcf17b2b46289d15e7be22dfbd27251','call_parameters?id=Dendropsophus_parviceps',1426853540),('2e0fd8e898982fde414cdd6c1c1c2b5a','user_tracking?id=86&userid=admin',1426853186),('2e471bd9c8ec054b535654be2ffd3867','calling_behaviour?id=Oreophryne_amiatoi',1426853582),('2e4da49c3319eb0d23f4c4b87818edc9','user_tracking?id=111&userid=admin',1426853196),('2e59759e4f245a564a0cd2b44bcfae79','taxonomic_identity?id=Gephyromantis_eiselti',1426853600),('2e628576ea6539994a93ff2b9cf3be2a','bodysize?id=22',1426505048),('2e97dc4d035b458857f23f9465fe4399','taxonomic_identy?id=Id',1425311189),('2e9fea25594270f79b238994547873c9','user_tracking?id=400&userid=hatem',1426853411),('2eeb8400acb4887b01de87547f6412b9','user_tracking?id=95&userid=admin',1426853189),('2ef56da7b81abebf01136486f65c01d7','habitat_preference?id=3',1426602230),('2f3cd64b52fb0fb23915accdb41afbe1','user_tracking?id=121&userid=admin',1426853202),('2f4bbbcfac415208a10df9f1508e303b','call_parameters?id=1',1426602225),('2f5bc9b8e1c279319a6cf2aba8f12290','bodysize?id=A24',1426517997),('2f7b79828d427ff08188fce54e65ac56','calling_behaviour?id=8',1426602243),('2f9c0497a9ecac844e0b242861ee16a2','user_tracking?id=49&userid=admin',1426853171),('2fb3cadfedffedb05336d98dc986ecf7','forlimb_characters?id=Odontophrynidae_americanus',1426506162),('2fbc3ce52abc3974dca00146399627f5','colouration?id=Collinsia+sparsiflora',1425313702),('2fbebcf0df6222f27e441de229dd3cf6','forlimb_characters?id=Aerugoamnis_paulus',1426853548),('3015089b8666228c2be57396afcbdcc3','colouration?id=Linum+lewisii',1425312484),('301b0437f0ac97a840f4e638ad2fca50','calling_behaviour?id=Mantellidae_eiselti',1426506165),('30492a2d5dd8f4a3a0cc7c1171af1981','user_tracking?id=157&userid=admin',1426853239),('30620a64a110ae9cfe9c259853a3b12b','calling_behaviour?id=Hyperoliidae_senegalensis',1426506170),('307de1cebfae8112e47d3c3dd71ec8d3','distribution?id=9',1426764873),('30988817424d2a2021fe61dd029994f5','bodysize?id=X22',1425558754),('30a3f889d8160494ab159efa34b7769a','user_tracking?id=589&userid=hatem',1426853569),('30b83996bd53f4f52eb87212c6ee992d','taxonomic_identy?id=40',1425372868),('30cb8eb867feb4daa7b370ddcca4e857','bodysize?id=Pholistoma+auritum+var.+auritum',1425312504),('30ccc480cb95223e318af7c93fac6d0d','egg_deposition?id=2',1426602227),('3102492f2dc786027161c0ebb790e23b','user_tracking?id=519&userid=hatem',1426853543),('311e51eead9043ddbf9d0965e8443f8e','user_tracking?id=429&userid=hatem',1426853422),('31278a186482ce9ea04ab1310a75956f','taxonomic_identy?id=myspecies_mygenus',1426506197),('318c5a0c911beb991310eda39c4a5c82','user_tracking?id=539&userid=hatem',1426853551),('319c7ec895b82fb6512e079b499eebaa','hindlimb_characters?id=Kurixalus_appendiculatus',1426853558),('31d8aa17cfebce58630d827402e2469f','user_tracking?id=338&userid=hatem',1426853389),('328f7edf74190e2819b3659ba699a43c','head_characters?id=A23',1426518269),('32ae2fbe99c7ccc15ce1ebe7b35c9c4e','user_tracking?id=160&userid=admin',1426853240),('32edab5183f638709e1f17fd4ae19450','user_tracking?id=126&userid=admin',1426853206),('330ef1191393e0d481e6274422e0e687','forlimb_characters?id=A26',1426518416),('3340659340f00bc7a45c7edae760095f','call_parameters?id=22',1426505050),('334e2192371da1f2bac18b7861500358','iucn_threat_status?id=Arthroleptidae_elegans',1426506142),('33a216b00b8230c14ba5b0793ce6a819','user_tracking?id=628&userid=hatem',1426853583),('33cc9495c7639fe8fc76daf5e9dcf1c7','taxonomic_identy?id=A27',1426501015),('3411ecab43b52b11136262fa4d69df9b','user_tracking?id=3&userid=admin',1426853152),('3450e387cf33e74e36381d3dcd47bd83','colouration?id=Ameerega_altamazonica',1426853566),('3478f6d7e48926ac8cca4bed300b3a44','taxonomic_identy?id=35',1425372867),('34b602b3ae1e428ec71cabc73777ae54','vocal_sac_tympanum?id=Acris_crepitans',1426853554),('34b90b341a3a43aa81e514decf0ed9ad','user_tracking?id=394&userid=hatem',1426853408),('34c34722d67b4632135749a44cde9589','iucn_threat_status?id=Hyperoliidae_senegalensis',1426506169),('34f1bd39b6047658183b3f020634228e','forlimb_characters?id=Rhacophoridae_appendiculatus',1426506157),('35016e64f60d22c3e23a9c80a6545c9c','colouration?id=11',1426602250),('35048f7801d2ed48194f46a2d142614f','head_characters?id=X24',1425558756),('351e0cea15ba7b8f46da18ed4a0322de','taxonomic_identy?id=Lupinus+caudatus',1425312479),('3537b5119a76f488a969eed318b7001a','colouration?id=Hylidae_crepitans',1426506155),('353afa7e8a0737c95c12449db3716c9e','user_tracking?id=543&userid=hatem',1426853552),('356908c12d9be3ab985c7c7ffc6beba2','taxonomic_identy?id=X231',1425563525),('3569f9870a518a98f127536f7c44614e','forlimb_characters?id=A27',1426518416),('35857b1f27819147c3cb7be9ac43c8cb','bodysize?id=Scutellaria+parvula',1425312494),('35c84e5ccd626741c13f6456446dd6ff','head_characters?id=X231',1425563526),('35e8931e1292de571950cbd04ad172af','calling_behaviour?id=442',1426505048),('35f312ba15969e7bc0dfe7bd3e7a5ec2','hindlimb_characters?id=Hyperoliidae_senegalensis',1426506169),('360c1a1362d026c67c2340689045aba5','distribution?id=Rhacophoridae_appendiculatus',1426506157),('367786522a76dc2cb6a20cf2fea947a8','forlimb_characters?id=Cardioglossa_elegans',1426853533),('36a2053779c484c6ea257b99f8870e1e','head_characters?id=X271',1425563531),('36a30d61315e2967693102bfc197696f','head_characters?id=X17',1425557860),('36d129f6ec8a800ea63fa2973cce89b7','taxonomic_identity?id=A24',1426518023),('36d8ce5105562ae8a0e8f04451271e2b','head_characters?id=X26',1425558759),('36f27abeae3cefb19d47da243aa7219f','taxonomic_identy?id=ffaff_fds',1426504369),('36f690e49ffcc98eac15e60612dc29fa','user_tracking?id=221&userid=hatem',1426853332),('3742a4f851102ab6926b8cb8d4becdfc','taxonomic_identy?id=X27',1425558766),('37546dfa336e15b97351a79a0bd2556b','calling_behaviour?id=A23',1426520029),('3755f454aae40994f8ea4f3d4a0d01a4','head_characters?id=A24',1426518269),('376af0d3ed5689933dc9c5e9e6f2f212','distribution?id=Dendrobatidae_altamazonica',1426506159),('37740fdba2ec58401418bba5d6bc605e','dataface__htmlreports_reports?report_id=2',1426601413),('37758c6ad478598813c7be7254c94c52','egg_deposition?id=Kurixalus_appendiculatus',1426853559),('377cdc6b0661995b644aa7d9678d1ca2','hindlimb_characters?id=A22',1426518587),('378dbbbbb81d976e0726e553aa35b0d9','colouration?id=Nemophila+pulchella+var.+pulchella',1425312481),('3798c7b489dd4a439194951bec754896','user_tracking?id=469&userid=hatem',1426853437),('37d94682406640e1b9493028c86a7349','taxonomic_identy?id=D',1425551865),('37f0b2e803cced7132a3367083f3407d','users?UserID=12',1426515839),('38171271a157fc1e0c8860fd958f0394','calling_behaviour?id=Dendrobatidae_altamazonica',1426506161),('3832acd9c23bb92d9f1ca509d50ec078','habitat_preference?id=Kassi_senegalensis',1426853584),('38679c6366a550c52646d6ea3923b5cc','user_tracking?id=368&userid=hatem',1426853399),('3874e4421bfcd0bcfb573d34e82e05c8','bodysize?id=Lupinus+succulentus',1425312488),('389425d7d0b1d9ecc8057237b1c97b77','user_tracking?id=476&userid=hatem',1426853439),('38b056504327ef9b36a6bb103e4e51a1','bodysize?id=Oreophryne_amiatoi',1426853579),('38dda62cfb7374f5fea7a520c0375f4c','user_tracking?id=6&userid=admin',1426853153),('391fe48ea5a770ce415be40b7a55bb81','user_tracking?id=583&userid=hatem',1426853567),('39578fe5f5ea147b0da97aa2a79acc89','hindlimb_characters?id=Dendropsophus_parviceps',1426853538),('3958595400007c8566f6d75136aca183','vocal_sac_tympanum?id=Cardioglossa_elegans',1426853534),('3982da9630e185ded20e4057e0bc886c','misc?id=A29',1426520618),('39cd8399b1030013ebbaac0a987b1fa1','iucn_threat_status?id=Microhylidae_amiatoi',1426506167),('3a2f06a9a41bfe0020883be4d6500d7c','hindlimb_characters?id=2',1426602227),('3a3439ea423e2a854917bd835ec144ab','vocal_sac_tympanum?id=Gerrothorax_pulcherrimus',1426853543),('3a99f38c5483f9e52c70e99fecc8138e','user_tracking?id=230&userid=hatem',1426853336),('3a9f082337be9d33ff6e3f30e5ff48fe','user_tracking?id=276&userid=hatem',1426853352),('3ac809ce9ab913447e9090c08a1203b0','user_tracking?id=296&userid=hatem',1426853359),('3b1e2bb340534187aa58d6e4ac7aee76','distribution?id=Ameerega_altamazonica',1426853563),('3b25c74db23013ace20c06dfc61911a3','iucn_threat_status?id=Mantellidae_eiselti',1426506165),('3b4afe2ba7e037130ca1c8c182053a11','taxonomic_identy?id=Ageratum+houstonianum',1425312491),('3b66a5ad5394abb1bc1349cd73252073','iucn_threat_status?id=Gephyromantis_eiselti',1426853576),('3b9af24f3cbf2875aabfcf29ecdce70b','taxonomic_identy?id=A26',1426501015),('3ba83c653e40132593d1ba1a1e426a03','vocal_sac_tympanum?id=10',1426602247),('3ba8bcebfbf588064c1ff25506bccc4f','user_tracking?id=168&userid=hatem',1426853312),('3bbe3ff8e1971d047cb24d6d8004fcfd','misc?id=Dendrobatidae_altamazonica',1426506161),('3bc8080fdd675122eae0516a196ea828','iucn_threat_status?id=A29',1426519615),('3bf3f30491c9715c78d9758c3f4ec260','taxonomic_identy?id=X12',1425555938),('3c05447e4b134264d87ea9f8d6ad3b01','taxonomic_identity?id=fffff_faf',1426781926),('3c0ada17faf5e05c0b793e8005a84903','user_tracking?id=262&userid=hatem',1426853347),('3c65a3b3a153a21ef383ca4011f63583','bodysize?id=X17',1425557860),('3c8c0a2a55dc5effb851eae718c8709d','user_tracking?id=561&userid=hatem',1426853559),('3c9c629e9257519ef261044bcf9f2e55','bodysize?id=A29',1426518009),('3ce700a39de98c24371dfc8db13c7fa2','forlimb_characters?id=X27',1425558760),('3cf415b793fc2974cf57d190e835d17e','vocal_sac_tympanum?id=22',1426505049),('3d0044ef50a5c38d4cf86b245ddefa14','taxonomic_identy?id=B',1425551864),('3d1f23dab76b1abfdb298067cf1759d2','taxonomic_identity?id=ffaff_mygenus21',1426582849),('3d39f784fd73b9ccb6b8c40e70da2b0d','colouration?id=A30',1426519789),('3d4ec208cc590ff8e259c41cc04ba92f','user_tracking?id=597&userid=hatem',1426853571),('3d8850219c51a873154c9b29a9b552f0','head_characters?id=X241',1425563528),('3d8c2aae9becef44f8b56e94833b46e4','user_tracking?id=30&userid=admin',1426853163),('3dfe7442ffb3f9797aba70b42b4a9e38','call_parameters?id=',1426585640),('3e0ce8b24641f8310b803bfe05683ce8','egg_deposition?id=A20',1426519477),('3e3516e28650a8eed2a1c22ed8c9afee','call_parameters?id=Dendrobatidae_altamazonica',1426506161),('3e5a534d8bd6780daf2e76850e51ed18','taxonomic_identity?id=2',1426764851),('3eb1df75921dc3ff61a5acdf3527e60b','calling_behaviour?id=66',1426505053),('3ec8e59d81471e96c079bb8f7228e665','user_tracking?id=19&userid=admin',1426853159),('3f2e0fb0bd19868348b8c3501c0a73c8','bodysize?id=Campanula+americana',1425312505),('3f3d5790341f4df6225ba5a2a5cb39ec','forlimb_characters?id=Ameerega_altamazonica',1426853564),('3f4f991ce5a7880375a287b7b74ae077','user_tracking?id=78&userid=admin',1426853183),('3f629749df699b71126781859a154bce','user_tracking?id=507&userid=hatem',1426853539),('3f950539e22fe62d8048c11d2f87dd0a','taxonomic_identity?id=6',1426764851),('3fe2f32d35df32817c318dd7fd80de2d','user_tracking?id=435&userid=hatem',1426853425),('3fff8c9c7efc010dfcc865e55a9f1306','calling_behaviour?id=A30',1426520030),('401cfca8a564b2573f5da2d7b8237354','head_characters?id=6',1426602236),('4050b9379527311557836ac0c529dc43','user_tracking?id=418&userid=hatem',1426853418),('4058e0b98c6e714cbe836ad060cb3e5f','user_tracking?id=496&userid=hatem',1426853536),('40af8da8cebcc68b393ae92eaad591f0','iucn_threat_status?id=Hylidae_parviceps',1426506146),('40bf6dd26bbb4502fe7d14ed4e2a8701','user_tracking?id=433&userid=hatem',1426853424),('40e4a8e71c1868722ec881d64f654993','iucn_threat_status?id=7',1426602240),('4115858dd5a02484afe2514f00393da3','calling_behaviour?id=A20',1426520028),('413ba7b3e076604a1d611f3f13bfb300','user_tracking?id=178&userid=hatem',1426853315),('4176ab0c32a03597732a13fa202bc8ac','colouration?id=8',1426602243),('41991ccde4e6da3ef51c81cd2884a2bb','iucn_threat_status?id=2',1426602228),('41a31bf7989e992c80b9f07bede4208c','user_tracking?id=22&userid=admin',1426853160),('41f15a23d61fb21e40ab08218fac5152','call_parameters?id=A20',1426519930),('4202e0885fc81a1f8481c5e744677304','head_characters?id=',1426585639),('420fb559f2f5d468b02a053d9d146ec6','user_tracking?id=14&userid=admin',1426853156),('4260ba29c0bbd18d13fcca8676d263b3','user_tracking?id=345&userid=hatem',1426853391),('426e902b7465be9fd7039b89d4c2416b','bodysize?id=Aerugoamnis_paulus',1426853547),('428d489380588b98ef5dab2ce8bde4c5','forlimb_characters?id=Hylidae_crepitans',1426506154),('42cf518601c83125c1944843bf4b2f49','user_tracking?id=1&userid=admin',1426853151),('42eceefe5551a443f693c79f9d0fcc71','head_characters?id=A29',1426518270),('433a0c41caba9db51bdca76a7eef78d0','egg_deposition?id=10',1426602247),('43479b5e3df0dc3ff32f36f4053f61e5','user_tracking?id=128&userid=admin',1426853207),('4377b534d73c6936565511cff9960909','user_tracking?id=237&userid=hatem',1426853339),('43a05ea11b9f4ce4d4dc5aba91e1ea67','user_tracking?id=249&userid=hatem',1426853343),('43bb08919bb0b173411c0c99f7c3ddb8','call_parameters?id=A30',1426519931),('43dc1d20aa3847d80afb5640decea7db','user_tracking?id=232&userid=hatem',1426853337),('43e80c52728262814c7d16cc4d33185d','user_tracking?id=565&userid=hatem',1426853560),('440079151127bf46eec6573c0f197fc5','misc?id=Odontophrynidae_americanus',1426506163),('444d2fe3802ceed95a19693f3a47dd60','call_parameters?id=7',1426602240),('444d763dbb497b3c97f9272ce2d32732','taxonomic_identy?id=A',1425551864),('44522c2fc158277c217abfc60a987e0e','user_tracking?id=127&userid=admin',1426853207),('449b494b9b2e5e03bcd6aeb208874119','taxonomic_identy?id=X11',1425555937),('44d11809d53a0808bfe4cb22866167be','head_characters?id=Aerugoamnis_paulus',1426853548),('45068d5edbde1e590e3a1404a6b74449','user_tracking?id=165&userid=admin',1426853241),('4518b115a78f73e030aaaa1b83202e43','forlimb_characters?id=Dendropsophus_parviceps',1426853538),('454c881d4445f20dcdfc3e76bd0066c1','user_tracking?id=390&userid=hatem',1426853407),('45603a0fdab7349278a477274367bc38','vocal_sac_tympanum?id=Hylidae_crepitans',1426506154),('45605439b97c673aaba00bfcd46780d7','distribution?id=2',1426764872),('45727035dee46895472765dbd4bb140e','user_tracking?id=182&userid=hatem',1426853318),('4573c14f9cfd6fa6e31cb4161dfa6fcd','head_characters?id=Gephyromantis_eiselti',1426853573),('4576780757ab596f4cc18275d7260b12','user_tracking?id=627&userid=hatem',1426853583),('457ea74e2822bb3164b8303499beff60','calling_behaviour?id=A22',1426520029),('45927ecf08997039a30026024d5bc2d9','user_tracking?id=76&userid=admin',1426853182),('45d2e97cf3cd195c27a92e880f28d470','users?UserID=10',1425463095),('45dff50b2f1c644a53ecb39e52a08941','colouration?id=Dendrobatidae_altamazonica',1426506160),('46249796cfc8ab36c41cb1624152775d','taxonomic_identity?id=8',1426764852),('46917a2c7845510245e62b21203d993a','user_tracking?id=560&userid=hatem',1426853558),('46a86e9b6c82edcedc8b969ee1bf1a09','taxonomic_identity?id=A27',1426518023),('46d2dda1f31b7a48da2ee857e8ff39ca','bodysize?id=Viola+labradorica',1425313711),('46d2e6c3835c598472509314e001a229','forlimb_characters?id=A21',1426518415),('46dcfe8b25892549dad168eb4d47caff','distribution?id=Arthroleptidae_elegans',1426506140),('46e859f88822bfd8f296b6787c6a24de','taxonomic_identy?id=66',1426505059),('46efacd7686cc0bd35b6678875e4256b','user_tracking?id=541&userid=hatem',1426853552),('47093a1149ff1f948fa470ffa8a4356d','user_tracking?id=308&userid=hatem',1426853364),('470c955fdf96eced6e6ed6c0cf333d0b','user_tracking?id=321&userid=hatem',1426853375),('479b6cc1be4aaabe0398ab03d395d62f','user_tracking?id=322&userid=hatem',1426853375),('47b003042209f757c885fe8183979ab2','user_tracking?id=294&userid=hatem',1426853358),('47b5af795e47a6014e11652f4746c207','taxonomic_identy?id=Verbena+hastata',1425312497),('47bdeaafd41cabfd90887964fc8f0207','user_tracking?id=217&userid=hatem',1426853330),('47ce32cb63f19b0f492c740d03dd488c','user_tracking?id=57&userid=admin',1426853175),('47d030297ada0f14263bc406acabbd12','taxonomic_identy?id=A22',1426500654),('47e29c4555fdf2f1fa3a76880bd50dab','user_tracking?id=266&userid=hatem',1426853348),('47e77773a825e05614a235e3391e7b29','habitat_preference?id=Mantellidae_eiselti',1426506165),('48063afbbb78597726218f3052561ba0','distribution?id=X12',1425555932),('4813a95f07aa96dd58cbd56613360c0b','bodysize?id=Sisyrinchium+idahoense',1425312508),('4815f33404c9b9a414951ed70f247134','taxonomic_identy?id=Acris_crepitans1',1426506711),('481ecd853ab6784475024d101a64689a','head_characters?id=Anomocoela_paulus',1426506150),('48227fa993c9b9e64ceffa7c9055382a','head_characters?id=Dendrobatidae_altamazonica',1426506159),('483a0f0f8f711c2ed8ae49251760d8e1','user_tracking?id=317&userid=hatem',1426853367),('48479d3ac4eb21cab8e64206c5a7b283','bodysize?id=Plagiosauridae_pulcherrimus',1426506147),('4866123cb4546249cff603bd761002b0','user_tracking?id=333&userid=hatem',1426853386),('4896a2ed6a209838af4e1bac97cc9e57','user_tracking?id=443&userid=hatem',1426853427),('48993d3f1c39b422de71b6dd5284381b','user_tracking?id=540&userid=hatem',1426853551),('48adc0575b23c8955e2d422027cf5d51','head_characters?id=A20',1426518269),('48af380a6bccb7d99adeb39f39dce2e8','user_tracking?id=140&userid=admin',1426853212),('48e0afa490cd640372540c5a2d667db8','bodysize?id=A30',1426518011),('48e70a254927593105e9fefe82ed585f','misc?id=7',1426602241),('4933b7a35f7bbe073052ed76061d5630','user_tracking?id=609&userid=hatem',1426853577),('493b32503c61f6ea9caee02ad29e2787','user_tracking?id=497&userid=hatem',1426853536),('49416d94bf13dbebdb2f9bf162e4d0ea','user_tracking?id=16&userid=admin',1426853157),('49422a2f4f4f24893772f922daefe818','taxonomic_identy?id=25',1425372866),('495171929a6a09ac7a278f6547f279e9','habitat_preference?id=Odontophrynidae_americanus',1426506162),('49aeec04b13d0931f0b617d636f86cde','user_tracking?id=554&userid=hatem',1426853556),('49b65a349a4474a802b82e087da270c1','misc?id=A25',1426520617),('49cc01728cec6c6b677acac7cda6fe46','taxonomic_identity?id=4',1426764851),('49f8ef2489a370f3e8e8049a77e1469f','taxonomic_identy?id=23',1425372866),('4a11153e1f8c87e704db399709169dc4','taxonomic_identy?id=Kurixalus_appendiculatus',1426506433),('4a3946e083c7629eb69efc2c134f7c27','misc?id=Kassi_senegalensis',1426853586),('4a564cad2b8039d5fa457cff7abccba4','calling_behaviour?id=11',1426602250),('4a6fd59fdd2d242d594721e242de378a','distribution?id=X25',1425558757),('4a7cc69ef0d0ea3725b5ed40192a6ca5','bodysize?id=X241',1425563527),('4a9562c9d05a23c5b67e286f3a7bfe44','user_tracking?id=142&userid=admin',1426853213),('4aa5c03955cdd3f3c79b162f04cc063f','taxonomic_identy?id=X19',1425557862),('4aa8f44c03189741408968740dd8ba6d','bodysize?id=X13',1425555932),('4ac78b6ff45d9000d430e69857c9a771','user_tracking?id=417&userid=hatem',1426853418),('4aca94619f8619b8ddbc2e07c147ae4f','head_characters?id=9',1426602244),('4ad508934a7d88cf1680a6044ca46d7d','misc?id=Microhylidae_amiatoi',1426506168),('4ae3fd957c0806000ae149bcb20972cf','user_tracking?id=367&userid=hatem',1426853399),('4b0379120a71c8ce739f3f2bb63d81b8','calling_behaviour?id=Dendropsophus_parviceps',1426853540),('4b1c97673aa627de4ecd73611da14f9a','taxonomic_identy?id=Gentianopsis+holopetala',1425312483),('4b6ba30e663e17dc27435664a257c65a','colouration?id=Ipomoea+purpurea',1425313700),('4bdb177aac27c896c22cb9706b106e06','user_tracking?id=23&userid=admin',1426853161),('4be0715d9b1928d18ec1c78721356116','user_tracking?id=632&userid=hatem',1426853584),('4c1537a74c71afc347be89e4e9bc66bf','user_tracking?id=626&userid=hatem',1426853583),('4c23a59c8c936421153564c464aadb11','colouration?id=Ionactis+linariifolia',1425313701),('4c45a4d32490db7b63592fec78cd42f2','head_characters?id=A28',1426518270),('4c49802a9dcdc054b8e8eb4f19083342','user_tracking?id=590&userid=hatem',1426853569),('4c8b8511242c74c4e9ebaf02649ec1e7','user_tracking?id=246&userid=hatem',1426853342),('4d1119f3906f0443363caf427bd495fb','taxonomic_identy?id=X26',1425558766),('4d68e9c4c91315d914c2a6e817cdd37c','user_tracking?id=82&userid=admin',1426853184),('4d726c42ed97c51d5f40970094ab99e9','calling_behaviour?id=Aerugoamnis_paulus',1426853551),('4db1934afb427325243dfeac03eaf507','user_tracking?id=619&userid=hatem',1426853580),('4e2563a7bd30f076991ec1789edd87b3','misc?id=Mantellidae_eiselti',1426506166),('4e4169b67afd639abe88b35c27954b33','user_tracking?id=623&userid=hatem',1426853582),('4e616f06438537f1d384a46dfd9fe0d9','user_tracking?id=100&userid=admin',1426853192),('4ea1700a8ef12fd19ec9985e69821279','distribution?id=A30',1426518099),('4eb3bf3917db0c05cbbb019cbbe8e60e','colouration?id=Anomocoela_paulus',1426506151),('4ed88c19081ade8df91fc58b3401ecf1','vocal_sac_tympanum?id=66',1426505052),('4ee01c3dcc4dbed612e179fe0a784338','user_tracking?id=44&userid=admin',1426853169),('4ee4cdfa8ac70a3b049c013c92e2441c','taxonomic_identy?id=X9',1425555937),('4f10e0d13b79b78ce3b5e4d2d782eb4f','user_tracking?id=201&userid=hatem',1426853325),('4f58430bf903266d94d822d1ae5dcd25','colouration?id=Polemonium+reptans',1425312500),('4f6b220e7451ff7231cba8b384e39155','user_tracking?id=599&userid=hatem',1426853573),('4ffc35cda3e2b82367c8a534a97b9817','distribution?id=X27',1425558759),('50303f8bcc5a664c61c7b44c3e0fcf4e','iucn_threat_status?id=A21',1426519613),('503a67dc99c7df703977d2f53b621006','user_tracking?id=475&userid=hatem',1426853439),('503c55d404e312decc228ec30bda3109','forlimb_characters?id=Arthroleptidae_elegans',1426506141),('5078401f23f0de03ca303e519fc65cb4','user_tracking?id=33&userid=admin',1426853165),('5089fd4341f89fb64218cab3e7e03640','taxonomic_identity?id=Kurixalus_appendiculatus',1426853600),('50d3a29673972edc302bda4b9f8e12ea','taxonomic_identy?id=Symphyotrichum+oblongifolium',1425312498),('50d986fa9cbc3ad9c8ba1ba876c17515','bodysize?id=Iodanthus+pinnatifidus',1425312484),('50df2e3cd846ac835efc0723a5ed8689','misc?id=A22',1426520617),('517984cf2a123a107260e75c0bb8c8ac','colouration?id=2',1426602228),('519ca3ca598203da7b3a47aa34c7fc1b','user_tracking?id=378&userid=hatem',1426853402),('51b9a3147439b07466b2991239f75b1d','user_tracking?id=85&userid=admin',1426853185),('51c992909b58e36982f568f4064b8922','call_parameters?id=Arthroleptidae_elegans',1426506143),('51f29494668f85b47840148fdd576b0c','user_tracking?id=342&userid=hatem',1426853390),('51fa26c374162714b1e1853fcfd1b877','vocal_sac_tympanum?id=Gephyromantis_eiselti',1426853575),('5267673f0e702203e4e4a559caba606a','calling_behaviour?id=5',1426602236),('528a6f0570cdcb12a03c561120748739','egg_deposition?id=9',1426602244),('52b485e84f6a77ded2fe8f07ac7f5178','user_tracking?id=156&userid=admin',1426853239),('52e46b088b58a3c0b267ad5e3b4f731e','colouration?id=Symphyotrichum+oblongifolium',1425312499),('53569a7f9073513baa9bc631ef64c5ce','user_tracking?id=269&userid=hatem',1426853349),('539c963ffc1850c48913dc48273bd26b','hindlimb_characters?id=Gerrothorax_pulcherrimus',1426853543),('53b0203c1d62b103289e296ae01b1366','user_tracking?id=579&userid=hatem',1426853566),('53be44d2e6450a800cfacf07fb6993ce','user_tracking?id=109&userid=admin',1426853195),('53e3e235e03b9d9d977ec8a950c77db7','call_parameters?id=2',1426602228),('542da9869d9996e93da7fdacb5c3b817','bodysize?id=13',1425373356),('54553c13ea402160ed1cae424dc01f78','user_tracking?id=610&userid=hatem',1426853577),('549660eec2b90f6c11e8cb4a204bd46f','distribution?id=6',1426764873),('549c229ea23ca92776d6f58c7129ba12','user_tracking?id=295&userid=hatem',1426853358),('5521c6969e97cfa6f5a6476537805fc6','taxonomic_identy?id=X10',1425555937),('55319ef71887d961b48c8b959b9b8a48','taxonomic_identy?id=A28',1426501015),('5571536a12b257d8251f8acf53c6d7bf','distribution?id=Temnospondyli',1425554194),('558e66a7f6441722ceed8ac1b4a36c77','distribution?id=4',1426764872),('5594060b20fb766932fea20f1eca5c01','user_tracking?id=158&userid=admin',1426853239),('5600dd2f31d84762fc1d0c70ac0aafd7','colouration?id=14',1425373556),('5602154411c8fb9cfe7fb487fb84ee47','colouration?id=34',1426505045),('560e950b5d63703c3937a27ea5bd9d49','user_tracking?id=96&userid=admin',1426853190),('5652e7c95d478395f92aa5486ccd1548','distribution?id=Lupinus+grayi',1425371969),('565683b87bd96ec37bfd8bba3bedc25e','bodysize?id=3',1426602229),('565af65908a8ea5e23cebcc96d1625f3','user_tracking?id=234&userid=hatem',1426853338),('56d445765fee3ad059e2de18908c7b0b','taxonomic_identy?id=Odontophrynus_americanus',1426506434),('56d90b94f417886a7a44b0096c6c884e','user_tracking?id=31&userid=admin',1426853164),('56fb88d54d5635ba4e061ae17723bd9b','user_tracking?id=383&userid=hatem',1426853404),('57044e9429c948d869a392b5317447a5','bodysize?id=Hylidae_crepitans',1426506153),('5705c04edcc07aea71233beb0b4e1dca','forlimb_characters?id=Hyperoliidae_senegalensis',1426506169),('574be89e8f641459b3fc445d0e90231b','colouration?id=Kassi_senegalensis',1426853585),('57786fc4efb010c7427c7b0c68bab6a2','user_tracking?id=478&userid=hatem',1426853440),('579542a52eeaee4566a734684e00620f','users?username=aaa',1425395231),('5798ffdb9a4e9ad92c4f93672ad70abc','distribution?id=Kurixalus_appendiculatus',1426853557),('57ad999b304ca9bfe2e26d7615ddab97','user_tracking?id=386&userid=hatem',1426853405),('57b05cf619318647e50ecc9812e0534d','bodysize?id=X9',1425555930),('57d709fd61119c66ae7dd68dbab8117f','user_tracking?id=474&userid=hatem',1426853438),('57dc6c9496f0ce5ec6007db7eec9466c','user_tracking?id=605&userid=hatem',1426853575),('581e46da08b27ccdfc816cfd9eeb64cf','taxonomic_identy?id=X4',1425554287),('582e71170590ecad4201e54b7aaae838','taxonomic_identy?id=Order',1425311371),('5838c3bdb5638b1a7b85ac3339fc2332','user_tracking?id=231&userid=hatem',1426853337),('587771981ebad239ee85cf79a251eae4','colouration?id=',1426585640),('58b2ab7efb5e991d9b6462d180ec02a8','head_characters?id=2',1426602226),('58c413132e687001483f4275468689e0','misc?id=A28',1426520618),('58d6334ee895747c70ff18689b3b5ff8','head_characters?id=Kassi_senegalensis',1426853583),('58e317495b16bbbea87b4d967d0ce84e','vocal_sac_tympanum?id=X271',1425563531),('58e6cfb8e45717dda6dc1207acaacd9c','user_tracking?id=25&userid=admin',1426853161),('591140f552a65951054a4a25b139b9fd','user_tracking?id=466&userid=hatem',1426853436),('5935b98aa83dbed87b49bd00b0d84181','taxonomic_identy?id=X3',1425554287),('59e9e6c2949fb645a51ce9d96d7a495a','calling_behaviour?id=',1426585640),('5a03ae455b90615054791a09fd001e4c','taxonomic_identy?id=22',1426505059),('5a17340df248408cc2da967d11f187cd','taxonomic_identy?id=Lupinus+grayi',1425313723),('5a831134bcfe9e09cc5c78f9af93d5ac','forlimb_characters?id=22',1426505049),('5ab933d4b31a7874b099757802680f7f','egg_deposition?id=Gerrothorax_pulcherrimus',1426853544),('5ac2f239235d8ea5dc49b2a7e516521e','user_tracking?id=455&userid=hatem',1426853432),('5ad94b7cd32cbb38101080d9698a7a3c','user_tracking?id=616&userid=hatem',1426853579),('5b2576e303c3a0ff9c603e6851ddd355','user_tracking?id=621&userid=hatem',1426853581),('5b4c79c2dfc094e584a128bf46b638fc','bodysize?id=Dendropsophus_parviceps',1426853537),('5b5f80bce8559e43b016b80af345c078','distribution?id=X251',1425563529),('5b9323b0fc1fd6025bb77e49af6eaf11','colouration?id=A20',1426519788),('5bc99d0544da4361b547039f4ec71de6','user_tracking?id=601&userid=hatem',1426853574),('5c15cdae527db835e94976d1127aed28','distribution?id=Odontophrynidae_americanus',1426506161),('5cbbce2270f5ba10f67563319e0b9b72','user_tracking?id=414&userid=hatem',1426853417),('5d33db66d328a3399d9c43fc6582a8e3','taxonomic_identy?id=11',1425372865),('5d3d665690da9a65fdd775c57396b8a4','user_tracking?id=528&userid=hatem',1426853546),('5d3f3cce6e944d6686c10d065fc389a3','user_tracking?id=574&userid=hatem',1426853564),('5d48fca609c7d997f2c7a0705472b3ab','user_tracking?id=547&userid=hatem',1426853554),('5d60959dbdf8221f099024bd3a5c722a','user_tracking?id=592&userid=hatem',1426853570),('5d751f60d9ae13c2e05b726e57f98f39','bodysize?id=Iris+virginica',1425313681),('5db0a2d7897a5d7107cf87840d5fc356','user_tracking?id=275&userid=hatem',1426853352),('5dcd734f065fe8cdd7190f078bb97757','bodysize?id=X14',1425555933),('5dfafafbbf3d1e0f1b20ad2175fbcb69','user_tracking?id=472&userid=hatem',1426853438),('5e23ba73dcb780d615ff329973395d2a','vocal_sac_tympanum?id=A27',1426518798),('5e63789304b435c407e8fe56c3187211','head_characters?id=Dendropsophus_parviceps',1426853538),('5e90953c899620d5fbecd3d120be9f49','colouration?id=A22',1426519788),('5ea75392329ddba88beb13899704fb3f','misc?id=t_faf',1426782937),('5ec238ffdf90bcb3a1e31f2ebd06f6b6','distribution?id=22',1426505048),('5edb145469d0191c90bb7df747558398','taxonomic_identy?id=43',1425372868),('5f33134d42cdd475fbb1293388dce8d1','forlimb_characters?id=7',1426602239),('5f9cfb92cbb572bf1188b2f7b168ef51','user_tracking?id=63&userid=admin',1426853177),('5fb9aaef1552101a80fcca768543990a','user_tracking?id=41&userid=admin',1426853167),('5fc761be7fa2e3c4c91185111aedbd1d','bodysize?id=Navarretia+mitracarpa',1425312510),('5fd8958882dc56c574faf2b791df8535','bodysize?id=11',1426602248),('5ffd1eb04281804e24fe24cc79bf74a7','hindlimb_characters?id=A20',1426518587),('602f1fe1e71f9865306c98797d1f8395','user_tracking?id=612&userid=hatem',1426853578),('6054754d2ab0e1ff23a1ba6cc60fd0d4','taxonomic_identy?id=Navarretia+mitracarpa',1425312509),('6110c81bcab949e4c5545be083e73617','user_tracking?id=306&userid=hatem',1426853363),('613800dedf4434bf2be0aec6f639292e','hindlimb_characters?id=34',1426505044),('615d5b65ca5e456b2cb96106c1b67a3c','user_tracking?id=129&userid=admin',1426853207),('6165ec2c659f2d3332eecb1f5e2942a8','distribution?id=1',1426764872),('61726cc3d048da24bd9792aa2d01b43b','user_tracking?id=494&userid=hatem',1426853535),('61cf3b92ac4b8c035b80b4315a2316dc','misc?id=Gephyromantis_eiselti',1426853577),('6218c1ea97ebbbeadc527ff2145f596d','misc?id=Hyperoliidae_senegalensis',1426506170),('622998783973361bc3f478f624a67878','hindlimb_characters?id=A26',1426518588),('6234d0ae42016c83ce586e16655cf9d2','bodysize?id=Ameerega_altamazonica',1426853563),('62472f4f4fa230ffc97fe773a6339065','user_tracking?id=241&userid=hatem',1426853340),('62720d60c046cc33cdb830c01bb3cd30','bodysize?id=Hyperoliidae_senegalensis',1426506168),('62732f4060704df0bf0437aa685e15d8','user_tracking?id=593&userid=hatem',1426853570),('6273dcf4d55bcd5aa75e93e897bf7898','habitat_preference?id=34',1426505044),('628db123d94bf1c912d4c6922f203e3c','head_characters?id=Kurixalus_appendiculatus',1426853557),('6292c6cec41e19c95706a58c7a36efaa','taxonomic_identity?id=10',1426764851),('62a02e8f1bb6ebb739fb1c02c3083313','call_parameters?id=A22',1426519930),('62ab2c2a2298a75b1903b6c04bd68d03','iucn_threat_status?id=Plagiosauridae_pulcherrimus',1426506148),('63aeccb15ef04ea41ffe1c615808f19a','habitat_preference?id=1',1426602224),('64496755d37b0f06b0693f47519bba3c','distribution?id=X3',1425554279),('648611d0f808e8b437de00f5aee83962','head_characters?id=Oreophryne_amiatoi',1426853579),('648c2ea51b52a91598db4b1680c8911c','taxonomic_identy?id=X17',1425557860),('649955367a854f599cc9b78a90bd6a51','taxonomic_identy?id=Eriastrum+pluriflorum',1425312479),('65159c704b39745365759b08a6df524d','user_tracking?id=556&userid=hatem',1426853557),('653a1f3658f8d0c357db3533acf8d2de','bodysize?id=7',1426602239),('6545bb71467cfb8bd518fae1d03a3399','user_tracking?id=233&userid=hatem',1426853337),('654627a00672b622f55604512597fea8','forlimb_characters?id=Microhylidae_amiatoi',1426506166),('65816c6e89b8593ec919705a1bf3f6a2','head_characters?id=X23',1425558755),('658fb1ae51ea1a9f4a9953a8cfdceb2e','taxonomic_identy?id=X13',1425555938),('65b64f0ea025fa9658da1ef0fc526f5b','taxonomic_identy?id=442',1426505058),('65c94336e0e31976fe85e793c2d8f297','head_characters?id=Arthroleptidae_elegans',1426506141),('65dcacb357c0129d8ba5450566c2c43a','user_tracking?id=447&userid=hatem',1426853429),('65f0774d36bd9c9c0c935e0b0405f047','distribution?id=66',1426505051),('66090b4c67c9e358e6ea1719eb8db9cf','taxonomic_identy?id=Cardioglossa_elegans',1426506432),('66176c9d1d0dd6a97fcc2be9577343d7','forlimb_characters?id=X251',1425563529),('665dd3bd90e3baa0fba2a5a69cb12584','bodysize?id=Eriastrum+pluriflorum',1425312479),('6669f0b8c43e0a19d88b718dab8dcda6','bodysize?id=442',1426505046),('666d3894c91a351eae10715682c8bf01','bodysize?id=X12',1425555932),('667b2c0920d06e5f5bf1fd21d144e6f5','user_tracking?id=637&userid=hatem',1426853586),('6680516a1bc0fd3eba7b84a20d4db5b8','user_tracking?id=636&userid=hatem',1426853585),('66bcb1a0a72451ff4a6c805e53be4b24','user_tracking?id=366&userid=hatem',1426853398),('672f3b03f6cd6e2e9b6be826a78446a7','colouration?id=Cardioglossa_elegans',1426853536),('6754f17c3ce045e80a78175abf9e2250','user_tracking?id=159&userid=admin',1426853239),('67a8f8bda16dcdccaeae2f5b0b619eb6','forlimb_characters?id=X261',1425563530),('67c93ebe539c0fc0477897dbae00bacc','bodysize?id=Gerrothorax_pulcherrimus',1426853542),('67d531b4157b6f3ce1163096ea6c2229','user_tracking?id=411&userid=hatem',1426853416),('682217d4714ad7eae2c7112dd7a68cbc','vocal_sac_tympanum?id=X261',1425563530),('68272f878841f582c0d2fb54156dc413','calling_behaviour?id=A21',1426520028),('6850696f15ca09c0d1fa4b22c5fd9eb1','user_tracking?id=144&userid=admin',1426853213),('685dafbcb057dd81adfdddc3607ae92b','distribution?id=Oreophryne_amiatoi',1426853578),('68993bae42a7b9a85fec60fb2f9ccae4','forlimb_characters?id=Gerrothorax_pulcherrimus',1426853542),('68e488a5b0c53a3b4cb2fdcf9a2c9036','egg_deposition?id=A29',1426519477),('68e60962a204f2ef02befc6a46ac3794','egg_deposition?id=A26',1426519477),('690b8d520d51c08a8dd658a4cab30454','user_tracking?id=573&userid=hatem',1426853564),('6961b5437ed69ed3a4a926b0d0fe1c04','calling_behaviour?id=Plagiosauridae_pulcherrimus',1426506149),('69b7105393336318b6fc5279b1144138','user_tracking?id=416&userid=hatem',1426853418),('69d71a8f38099eafef703d6f4f91fdb9','call_parameters?id=Kassi_senegalensis',1426853586),('69e88ba5f5b8adf77afd1a7ace3dc5ee','user_tracking?id=339&userid=hatem',1426853389),('69f186c08ebcd0df524f14127d6e81cf','user_tracking?id=457&userid=hatem',1426853433),('6a21b6e1f1882b2702dc96405cc2b0d5','user_tracking?id=513&userid=hatem',1426853541),('6a506334c5c70e5bedc46f7ceb0ca271','user_tracking?id=277&userid=hatem',1426853353),('6a514c8a095add22b5b0feb29565d3c7','hindlimb_characters?id=4',1426602232),('6a6078bb7173d9f0b286e727733e99ab','user_tracking?id=591&userid=hatem',1426853569),('6aa01e42cd8cde5c96ed3adf35907308','hindlimb_characters?id=10',1426602247),('6aab527be78f33d27cfa1884ba4e181c','iucn_threat_status?id=Dendrobatidae_altamazonica',1426506160),('6aadd6a7be1948459409407524b70253','user_tracking?id=406&userid=hatem',1426853413),('6ae9b139ce4ddbd65fc7367ed1d153e1','taxonomic_identy?id=Ipomoea+purpurea',1425313728),('6af4891535cd37eecdd1096efe2fd329','taxonomic_identy?id=Cynoglossum+grande',1425312485),('6b2a4e954ab891908b6a39b81dc106c3','taxonomic_identity?id=A22',1426518023),('6b3155288e948d634d84b5d2f0171164','user_tracking?id=81&userid=admin',1426853184),('6b64553ffdbb6b782043cdac6acb2ce6','taxonomic_identy?id=10',1425372865),('6b75bede09856c681d795fd67fca403b','egg_deposition?id=34',1426505045),('6b977ef09794836958d68db5359e88d9','misc?id=9',1426602245),('6baa6c49d6df4e839855873f23953faa','user_tracking?id=60&userid=admin',1426853176),('6bb6c0c6c56fdabe37013b68478bbebf','colouration?id=Mantellidae_eiselti',1426506165),('6be93bcfdd1c81b913bd4822eb151bcc','taxonomic_identy?id=Anomocoela_paulus',1426506174),('6bece7b79d4a4e9de50763c293bb5ac7','user_tracking?id=175&userid=hatem',1426853314),('6bfe24c9971f44a26bcc10160a836108','distribution?id=10',1426764872),('6c19fd8e6e2b8a89f7e987823a18cbb0','user_tracking?id=206&userid=hatem',1426853326),('6c28e968e5df8ed5eb92d7910d0e4225','vocal_sac_tympanum?id=Kurixalus_appendiculatus',1426853559),('6c2a2d647cd8d341a0ddb72b30765322','bodysize?id=Arthroleptidae_elegans',1426506141),('6c2df6f4562e97b5fffca2f25d4f5dae','bodysize?id=twr_afffh',1426517581),('6c358ca69459bc79c3a998573701f83b','user_tracking?id=483&userid=hatem',1426853441),('6c672a6efc0d4dfbaac7175489ae1ddc','user_tracking?id=422&userid=hatem',1426853420),('6c6fde0a01944f337ae360e9d009950d','user_tracking?id=169&userid=hatem',1426853312),('6c8f054b595ee18a886f6a2bc9f03e25','distribution?id=A20',1426518098),('6c9a328ad854eb295d0f21e129dfbd81','vocal_sac_tympanum?id=9',1426602244),('6ca2923d5811357de67d460f320dab17','hindlimb_characters?id=A21',1426518587),('6cafe03b16b63c78d935b5ca56d1ffb2','user_tracking?id=62&userid=admin',1426853177),('6cb26e7aba26dbd520ca253102156efc','habitat_preference?id=Anomocoela_paulus',1426506151),('6cc0bb2bb37185b01ca59ede58f5acf9','taxonomic_identy?id=X8',1425555937),('6ce15b6b5fbc058724e254a147fcc285','bodysize?id=2',1426602226),('6cf6cf6a7e637beed1d72d2d289bacec','user_tracking?id=265&userid=hatem',1426853348),('6d2e14068986deef7c0d32caa7ca5a0f','bodysize?id=Symphyotrichum+oolentangiense',1425312500),('6d332570a7987761965fe5c0164d2f8b','user_tracking?id=207&userid=hatem',1426853327),('6d91eca844b44aa65500da2738c4732c','taxonomic_identy?id=Gephyromantis_eiselti',1426506434),('6df5c3c9dd55162653d35d4c161d1f5d','taxonomic_identy?id=6',1426505058),('6e001fe6c68247bc29c381acdb0758f2','user_tracking?id=391&userid=hatem',1426853407),('6e57d211be14cd48100f26b3c1ecad51','taxonomic_identy?id=X2',1425554287),('6e58f94a852f175295cc3de5b22cb3d0','hindlimb_characters?id=22',1426505049),('6e89e9fd761de91bd913816c3a8e443a','user_tracking?id=187&userid=hatem',1426853320),('6e94c18ccc9034f1385f511d8c22d9e7','user_tracking?id=195&userid=hatem',1426853323),('6f084e4dd8c20f936f304961b824548b','egg_deposition?id=Odontophrynus_americanus',1426853570),('6f09047a4daba45ef84ac11d422174ab','habitat_preference?id=22',1426505049),('6f173e9528448cda8f7464c3308130c0','call_parameters?id=5',1426602235),('6f3108775d3cccec81b9a204ec1b2480','vocal_sac_tympanum?id=Rhacophoridae_appendiculatus',1426506158),('6f79a6bbaa5d95aa70b0cc123c81adf8','hindlimb_characters?id=3',1426602229),('6f86c110755417c7248436e91d61dc4f','user_tracking?id=449&userid=hatem',1426853429),('6f9cf9162c9c8cbd7725cddcabc9f376','misc?id=Gerrothorax_pulcherrimus',1426853545),('6f9e6212711606837f7015c2c281f93b','taxonomic_identy?id=Oreophryne_amiatoi',1426506434),('6fd6424f09686ebf46f1f1602445bdc0','user_tracking?id=125&userid=admin',1426853206),('6feded47eba1d058aee6c2ca4427bc0f','user_tracking?id=171&userid=hatem',1426853313),('70172b69ffc67572c815af381ca17f6b','bodysize?id=5',1426602234),('702be1d404c6da5e454e9159d1c7174a','calling_behaviour?id=A25',1426520029),('706dfb04c72f2d3cfca1773fbf2e11c8','user_tracking?id=441&userid=hatem',1426853427),('708dc2850ed7dc870bf4c96baa2dbc8b','calling_behaviour?id=Cardioglossa_elegans',1426853536),('708f7f036bb98b09e98df8b5cecd77ed','user_tracking?id=542&userid=hatem',1426853552),('70a07abebddebde1f8376a232fc4123c','habitat_preference?id=4',1426602232),('70aa9b16d6d12e69d31cfb37fa5ce7c3','user_tracking?id=551&userid=hatem',1426853555),('70b729fcedb6c05111767d0db7533594','user_tracking?id=122&userid=admin',1426853202),('70ebb4ace0aae5275225035c76fb615e','user_tracking?id=461&userid=hatem',1426853434),('7107550780c0bed56d0ecff3f96baa8c','user_tracking?id=510&userid=hatem',1426853540),('7118786b2b4a3886f70c23ed55534ae4','distribution?id=Microhylidae_amiatoi',1426506166),('7154b9a4302b19442cf2183283e49892','user_tracking?id=13&userid=admin',1426853156),('717152e4558f550cac9543964b6a8121','distribution?id=X231',1425563526),('718eaf40eea1f243d898fd098c17de18','user_tracking?id=328&userid=hatem',1426853377),('71cc89558ef89287f3b8da39eeed88ea','taxonomic_identy?id=41',1425372868),('71de299043cce27147785ab976332790','calling_behaviour?id=3',1426602230),('7207ec4c357fcd4ae4c31939a84a64ef','head_characters?id=11',1426602248),('724b25bc12f075650374655598e20101','forlimb_characters?id=X24',1425558757),('7251ef157d454fd9c884289f1003dcbb','distribution?id=X14',1425555933),('72bccbf6fa4214022410f0c1a2b230af','call_parameters?id=6',1426602238),('72be968d5292b294945ec0796f4e72fa','user_tracking?id=434&userid=hatem',1426853424),('72d61109975d4d9187a6a171abd8d475','bodysize?id=A20',1426517987),('72e178771bae4cb4776d01e51987da82','bodysize?id=Agastache+foeniculum',1425313681),('730053abc71da99b4c7caf96e4917248','user_tracking?id=10&userid=hatem',1426782368),('73346a9600c713498e21a1683f72d2e4','colouration?id=12',1425373556),('735cc1f2a8e68e958e0106b52fcc13ba','taxonomic_identy?id=A21',1426500654),('73917329788822caea1adfa7f41d6d07','taxonomic_identy?id=A30',1426501015),('73d05f087ec218fc27a06cc4804333a9','colouration?id=Lupinus+brevicaulis',1425312507),('73ec5c0791ce6cf27999f90f22386ed5','user_tracking?id=132&userid=admin',1426853208),('740ae95ac62e9aea579893dd6bf2b4be','misc?id=A24',1426520617),('74130d535eb8f284867687166c5fbec4','forlimb_characters?id=442',1426505046),('742bc9139557a154a9f6ed0c38e68a21','users?UserID=7',1425400442),('743e21fda305aaabab6ca7b18c043f6e','distribution?id=X22',1425558754),('7459c28e88b9d4636abce93e87f5349a','user_tracking?id=251&userid=hatem',1426853344),('7467392d2cc36e6fe74f07d5c2541aaa','bodysize?id=Kassi_senegalensis',1426853583),('7468b04f9f4841c5f4b57285f73e9ee7','user_tracking?id=491&userid=hatem',1426853534),('7493a7f67d5745151005d681990f485d','user_tracking?id=293&userid=hatem',1426853358),('75350dfc2fbac346178cd8539994bc45','distribution?id=Anura',1425554196),('7565ca3dfdc66f78a8f65a34310884b4','colouration?id=66',1426505052),('75bccb8acfcfe73df5b5696a5ee6607a','user_tracking?id=135&userid=admin',1426853210),('75d2f8694822d495401396138dc5fc80','distribution?id=X11',1425555931),('75f24016541ab77aa71d3861d17034ce','bodysize?id=Linum+lewisii',1425312484),('762dc7de835b5a4e152106e133e3eeb7','user_tracking?id=376&userid=hatem',1426853402),('76354e7f85cffa67b996df73db1a69f1','habitat_preference?id=Hylidae_crepitans',1426506154),('7644f6e151a661ae4d2d63abf1c5b5e7','user_tracking?id=548&userid=hatem',1426853554),('764a58cf06655f54ecbe0765da001b2f','calling_behaviour?id=A28',1426520030),('7661dccb7b7e7f1390393d1c56599163','iucn_threat_status?id=11',1426602250),('766ce25816ce7a28fa630caf24f0da86','user_tracking?id=45&userid=admin',1426853169),('767ca8b97c80f89006a10f245fb4f867','user_tracking?id=179&userid=hatem',1426853316),('7698afc76ec40bbb030e40bcb01f1e3e','egg_deposition?id=Hylidae_parviceps',1426506146),('769fdf193f575ac5c26124701de8bb8f','user_tracking?id=569&userid=hatem',1426853561),('76baac79d56c128b46b10d211e856df6','calling_behaviour?id=2',1426602228),('773ecee615e23c307ff7f63f82ce7777','egg_deposition?id=Odontophrynidae_americanus',1426506162),('7768b26246cfaab3caaf0430b593ed8e','user_tracking?id=397&userid=hatem',1426853410),('77cbc140244cbdc04a13017b4f0f621d','taxonomic_identy?id=A23',1426501014),('77cc2bb9d6418666adcc10a9ba6c54a5','user_tracking?id=282&userid=hatem',1426853354),('77de4a6bf0ec736ac66a911c316b6cf4','user_tracking?id=489&userid=hatem',1426853533),('781183d4d8953f21da68780b80f5a196','vocal_sac_tympanum?id=8',1426602242),('7813083b6db54b645cc3682b0f66b461','user_tracking?id=563&userid=hatem',1426853559),('783c39e65e48175de1704125c3d7b5e5','taxonomic_identy?id=X23',1425558765),('788b1ea668cf9f1975fe1c913d1b0fa0','taxonomic_identy?id=X24',1425558766),('78db45a845eff142ea2a321e5e8a68c6','taxonomic_identy?id=Viola+cucullata',1425312492),('78ecb0d5bc43f96b2bf80ec39c474edf','colouration?id=A28',1426519789),('7927bfc758503f9d39fbe6962d04c8f6','user_tracking?id=440&userid=hatem',1426853426),('7940ece5c39128a365f29db1832614e8','taxonomic_identy?id=37',1425372868),('7958c4711bd6de1251bd2e85e908e532','user_tracking?id=419&userid=hatem',1426853419),('797587404187e2c80431ec67376c374e','bodysize?id=X221',1425563525),('799bf51c9717aab1c5c75e4d420dc427','vocal_sac_tympanum?id=X251',1425563529),('799e8de58dda45ea4e0c8d06e2b26941','forlimb_characters?id=A23',1426518416),('79bfa4264c16ea2b5f1e646356412045','user_tracking?id=344&userid=hatem',1426853391),('79c2b7fd52be067df4d338ccf4665c82','calling_behaviour?id=Gephyromantis_eiselti',1426853577),('79cf7b1921a7bbfa55cd8afc577a3a5c','user_tracking?id=257&userid=hatem',1426853346),('7a0e8426750903b36061bc9e02146c8b','user_tracking?id=112&userid=admin',1426853197),('7a23becbfb7b42857c3c996a8ad088b1','egg_deposition?id=Cardioglossa_elegans',1426853535),('7a57f096ea2732608a7663206cb1ee4e','forlimb_characters?id=A20',1426518415),('7a5c9ffadd526b25b513a4d7f04a7ac3','taxonomic_identy?id=36',1425372868),('7a70aec965cac3c072762fd0c9dd0a21','hindlimb_characters?id=X291',1425563532),('7aa99b11ec2bd8b8aabce60294ae0bbd','taxonomic_identity?id=Ameerega_altamazonica',1426853600),('7ad26c998cf190ec443bd78f2db6563a','hindlimb_characters?id=66',1426505051),('7ae4ec54311d409a18244807be83b652','user_tracking?id=99&userid=admin',1426853192),('7afe5751ca51489c093c29ed6bc50b11','user_tracking?id=286&userid=hatem',1426853355),('7b0ab2d74befd0a1e23db0871dc592f4','iucn_threat_status?id=A28',1426519614),('7b385f07f15c577970490ef7565bf8f8','taxonomic_identy?id=1',1426505057),('7b4405e634cdd0b8ea260cf374225afc','user_tracking?id=403&userid=hatem',1426853412),('7b447e698075dac3632e4716b3624625','habitat_preference?id=A29',1426518975),('7b45c599ae9af1ce0ac0c82ece997536','user_tracking?id=532&userid=hatem',1426853548),('7b5eb8219d24c7aa780a3d5ffba9c557','hindlimb_characters?id=5',1426602234),('7b718bf3a5ef02a128d951e733ea4be4','taxonomic_identy?id=29',1425372867),('7b8d2663914d81d7a3cdf8050907b9ff','head_characters?id=A27',1426518270),('7be1a3e4a4934abea7d05d3aafa6bd23','distribution?id=X5',1425554279),('7c19269acf31c134f19ce52d58553695','user_tracking?id=521&userid=hatem',1426853544),('7ca02131ce38ff2e54dc6689a7915ff1','bodysize?id=Lupinus+caudatus',1425312479),('7ca26a3273d302e808b32dca47dab6eb','user_tracking?id=138&userid=admin',1426853211),('7cb8ce2fef5b95852fdc019d8139ada7','colouration?id=Ageratum+houstonianum',1425312491),('7cea3942871b2df17c5bc98d091b2924','user_tracking?id=117&userid=admin',1426853199),('7cf2ef289db285d2a7902c182bfd5424','hindlimb_characters?id=11',1426602249),('7d0323e15c73bd15e95b2d7f1239e05d','user_tracking?id=245&userid=hatem',1426853341),('7d0f368ce81495ff131acfbe36f35bc4','user_tracking?id=52&userid=admin',1426853173),('7d1483d77d736ddb22041bda57dbb80c','bodysize?id=X19',1425557862),('7d14cd87677526c9c92f7193a9fb2232','user_tracking?id=92&userid=admin',1426853188),('7d242a01b39743aa022aa580e789c73f','user_tracking?id=130&userid=admin',1426853208),('7dcc8fb5202b91742a95ddce993eb82c','vocal_sac_tympanum?id=Hylidae_parviceps',1426506145),('7de38f1e02a75597efed34f5e6dc4eea','head_characters?id=Mantellidae_eiselti',1426506164),('7dfd9ee00e394c0d857827ba4202b618','user_tracking?id=437&userid=hatem',1426853425),('7e15a9967e681a43c52fcb9546ce0994','user_tracking?id=459&userid=hatem',1426853433),('7e43bc90e06be96819c7f3ac4d92238e','user_tracking?id=446&userid=hatem',1426853428),('7e49805eb9de3fb938d6c1e81fb39bf7','bodysize?id=X25',1425558757),('7eb60dbc50cf74acda31b975b633bd58','user_tracking?id=503&userid=hatem',1426853538),('7edee1d322aa83cdc5e34e60339b8de3','vocal_sac_tympanum?id=Kassi_senegalensis',1426853584),('7ee19374e1e57dd72a09a854832033b5','hindlimb_characters?id=Ameerega_altamazonica',1426853564),('7f13e2165ce9429f0f31a4ab22a843c8','user_tracking?id=89&userid=admin',1426853187),('7f381105c183f37cf402284a79a722ff','egg_deposition?id=Anomocoela_paulus',1426506151),('7f42d2416e19668866723fc565261d5e','vocal_sac_tympanum?id=Odontophrynus_americanus',1426853569),('7f5b0265541387b8c4ca306eb7765ee2','user_tracking?id=116&userid=admin',1426853198),('7f5f027efb7e48bcf10843ce01dabe91','user_tracking?id=114&userid=admin',1426853198),('7f877b4f93bb0ff35173b8e1e3619bc1','user_tracking?id=508&userid=hatem',1426853539),('7f944bc997ea1ac9374120ee0f41ac00','user_tracking?id=55&userid=admin',1426853174),('7fc77937ce3e0a57d2fcc4f039d3d71c','misc?id=Dendropsophus_parviceps',1426853541),('7fcb5e8e076fbfbc35324ecceb0d90d6','user_tracking?id=362&userid=hatem',1426853397),('801d30cb5d56d79d6e0dc673b47fc2fa','user_tracking?id=79&userid=admin',1426853183),('80472a2cdc6797e16bdb1fa562ea2d85','taxonomic_identity?id=r_gfds',1426604136),('80822d2091f55df53a610c94a894b059','users?username=hatem',1425392584),('80a0e02b9af6f5a846ce9200ffde25ec','vocal_sac_tympanum?id=442',1426505047),('80a8700249cb09b1ba2ace940a217beb','call_parameters?id=34',1426505045),('80c1554becbb8f7ed42a45419e36b2c6','user_tracking?id=412&userid=hatem',1426853416),('80c8d6b25b766628880d125b13124131','call_parameters?id=A28',1426519931),('81002dc20937ad5d8f0e2ab2f6b4884b','taxonomic_identy?id=19',1425372866),('8107466b127fcc83877e54f7b81b14b6','user_tracking?id=568&userid=hatem',1426853561),('810b577bb359eab5e779f9e76469f05c','hindlimb_characters?id=A23',1426518587),('814af684506c3aead46484f7d6649cbf','user_tracking?id=509&userid=hatem',1426853540),('8154217ece2b15ad0f5b9eb0738251c0','forlimb_characters?id=2',1426602227),('8168bebb53c0022cce520e8779cf76b3','bodysize?id=Lupinus+obtusilobus',1425313687),('819f18c604ceeee45000b13283af7ed0','forlimb_characters?id=Odontophrynus_americanus',1426853568),('81a73b278536243539fdbfecbe93b197','colouration?id=Gephyromantis_eiselti',1426853576),('81b0c134042d1a4434f29a883caedb78','user_tracking?id=185&userid=hatem',1426853319),('8211cd38948b31fc4e5aeadaec869c63','user_tracking?id=259&userid=hatem',1426853346),('821610a1658a83a7cdb0d6fe93a9f0c3','user_tracking?id=198&userid=hatem',1426853324),('8216f0638d86c520c56e8a211702317d','user_tracking?id=396&userid=hatem',1426853409),('825d432cd43df49cc5c6ae5e75885beb','user_tracking?id=186&userid=hatem',1426853320),('82722c33db94e3ed6d4fa44ac419967d','bodysize?id=X26',1425558759),('82759808c607c741ddf0475d8478fdb3','user_tracking?id=316&userid=hatem',1426853367),('8296e9aa93ca3cdb0b463b37b591b107','bodysize?id=X271',1425563531),('82baf38d0a67ebac8074f7188cb5dbe5','user_tracking?id=20&userid=admin',1426853159),('82df0fa1e986d9ee07deb47061de3473','user_tracking?id=28&userid=admin',1426853163),('834d309a0b79d4aaa647cd85f7c42a52','call_parameters?id=8',1426602243),('8351539bbfd6ed46ddfad747a77e9b6f','colouration?id=Navarretia+mitracarpa',1425312510),('8352a3de5dd5d4755e015541e8f626df','user_tracking?id=432&userid=hatem',1426853424),('8387ceadf12e7631bac587d9d7a57e8a','user_tracking?id=629&userid=hatem',1426853583),('838d4ac5488b402be2ff67ded3f18469','user_tracking?id=244&userid=hatem',1426853341),('83aac21307c7241034da87bfe17c9d41','iucn_threat_status?id=',1426585640),('83acaf2154f7b5ca088379177267c4ca','user_tracking?id=516&userid=hatem',1426853542),('83b97364c2086f7de714d717ac6e9463','user_tracking?id=572&userid=hatem',1426853563),('83bcc19f8ffdc3de5a83df3980d7c2ea','taxonomic_identity?id=Cardioglossa_elegans',1426853600),('83bce7a321bc9ed7a497f4b3adab0070','user_tracking?id=200&userid=hatem',1426853324),('83c15d201f889ec693c8f124af95105c','taxonomic_identy?id=30',1425372867),('8421344f7e39d735075f7ceb3a6a8d97','user_tracking?id=181&userid=hatem',1426853317),('847b0c2bd4efa27f756aacf8156b4d8a','user_tracking?id=139&userid=admin',1426853212),('848651355434740c07959c3ffcff300e','colouration?id=Lupinus+polyphyllus',1425313697),('8491c795dc2f799ebf3ec8b836e1e632','taxonomic_identity?id=11',1426764851),('84c771b55045d66c31135b99b2157095','call_parameters?id=A27',1426519931),('852cc0d597786365ecc7f145cb18bf5b','user_tracking?id=118&userid=admin',1426853199),('854da3bfa3dbb95336d7a0aaf0dabfd2','user_tracking?id=68&userid=admin',1426853179),('85673b947812582a78bca81433c015dc','habitat_preference?id=A25',1426518975),('8572978abcbd1d5663879dd6c366a708','call_parameters?id=Odontophrynidae_americanus',1426506163),('857541ae3a7bf77272f8bd8249901eeb','user_tracking?id=143&userid=admin',1426853213),('85a8fbbf38f65156c81d53c5c8f39976','bodysize?id=Viola+cucullata',1425312492),('85b4346ec5edadf01e6016e7f1fac2ff','taxonomic_identy?id=ffaff_aaaff',1426501798),('85dee0c4dcc6094f3652a623a17bb6b9','user_tracking?id=72&userid=admin',1426853180),('85fa5081976a5293bbd88e0a54124ee0','taxonomic_identy?id=Ionactis+linariifolia',1425313729),('86028cf49590cd1fe2021555985144a7','taxonomic_identy?id=fdsaf_fdsaa',1426504988),('863d468a30de944357c87c44afc501e3','colouration?id=4',1426602233),('86caa3544d420f0a8c3d2202bb92ba23','user_tracking?id=533&userid=hatem',1426853549),('86e45e97b7089ebb5467a34aea76be78','vocal_sac_tympanum?id=A22',1426518798),('86f2eb302c15b38d969c56266fe3f814','bodysize?id=A25',1426518000),('8713a25685c9d38098830d264507d52c','taxonomic_identy?id=X251',1425563528),('8758d58b93c6ba6d6335dcdb086a8a54','user_tracking?id=225&userid=hatem',1426853334),('8766bb9515dc98d7909b7b201a59ccb4','taxonomic_identy?id=hh_afffh',1426505328),('87f31c5a12fe4cb9c00a048d18ed0df6','user_tracking?id=69&userid=admin',1426853179),('87f341dda20d5bd8cda30984962df47b','taxonomic_identy?id=1003',1425551507),('87f73fafb334172791e514a16490fc9c','user_tracking?id=148&userid=admin',1426853215),('87f76865cfec5859a1e5f25805274cb1','bodysize?id=Lupinus+breweri',1425312489),('883c66a0bea282d235ba0cba60a04fe1','user_tracking?id=222&userid=hatem',1426853332),('8843e302bb77d0bb652f84af4aaa49b8','user_tracking?id=213&userid=hatem',1426853329),('892ef736fc5639850d353466ded50001','colouration?id=Gerrothorax_pulcherrimus',1426853544),('894a9a0f647c8903e08d94574a441226','user_tracking?id=465&userid=hatem',1426853435),('896f5894d5927ca1aca4b23190eeb987','forlimb_characters?id=A28',1426518416),('89712f1695cc0bbc509c104d7131a958','user_tracking?id=145&userid=admin',1426853214),('897966444d2c45427e2dee540a242cfd','user_tracking?id=326&userid=hatem',1426853376),('899a54d60843c8b4fde59dc0f2ff1c72','user_tracking?id=219&userid=hatem',1426853331),('89e27b03c470b565b48785b28f1d57f4','misc?id=2',1426602228),('8a3056007f704b044d9255dbd16dd4f9','user_tracking?id=24&userid=hatem',1426842291),('8a52247ef5c8ae5191dca98518736435','user_tracking?id=75&userid=admin',1426853182),('8aa11fff60e3e26c67b318d5d87d0743','taxonomic_identy?id=123',1426500190),('8acc40bd177b8971f1152b709a525d92','head_characters?id=3',1426602229),('8ae4710317e12b68b52754d0883f20ff','bodysize?id=X15',1425557858),('8b2c52a19a98f4f4599322610673bdb4','user_tracking?id=155&userid=admin',1426853238),('8bc270294bbea7c6e22a3659867f5bf2','user_tracking?id=395&userid=hatem',1426853409),('8bf00bf68cafbb02f1589736b9e61f71','user_tracking?id=51&userid=admin',1426853172),('8c584dcd0de99e3f3ac36524f1db8a27','iucn_threat_status?id=22',1426505050),('8c7921b04ce9821479c74376c5272a5b','misc?id=66',1426505053),('8c8c959d8cd5cf95b0e940716c8a50d8','colouration?id=A25',1426519789),('8c94d32433cd33178ba5eea85d810653','vocal_sac_tympanum?id=A20',1426518797),('8cb22a8e7f43e96ce22e1ac80904b9f7','vocal_sac_tympanum?id=A23',1426518798),('8cb3c27125cefdf6144850525923b2aa','distribution?id=X8',1425555930),('8cff8bae01f507b82375084635865416','colouration?id=Viola+palmata',1425312495),('8d02a5fb455f7a354105facce43b896c','call_parameters?id=Odontophrynus_americanus',1426853570),('8d32d77ce48bc799048b0d27d36cae6c','head_characters?id=Hyperoliidae_senegalensis',1426506168),('8d3d90e72677fa8324f0d76cc98b8753','user_tracking?id=56&userid=admin',1426853174),('8d4e9a63d45a7b15322888277398222f','iucn_threat_status?id=Rhacophoridae_appendiculatus',1426506158),('8d965eef299667b26461ade2005b6a6a','user_tracking?id=12&userid=hatem',1426782844),('8db5d2798a7dba332861b99481bca7b6','user_tracking?id=107&userid=admin',1426853195),('8dcf7804e9c57e6bf1436af179f6bf4b','misc?id=A21',1426520617),('8e103236a6084b00f1234bb30d307d6d','user_tracking?id=4&userid=admin',1426853152),('8e35c49c133802d881d5496d90b92dff','iucn_threat_status?id=Ameerega_altamazonica',1426853565),('8e8505b1a3a67654c867d9d8957164e9','user_tracking?id=332&userid=hatem',1426853386),('8e969cda7940551467af713e8c6f1719','egg_deposition?id=Oreophryne_amiatoi',1426853581),('8ebb9f75310da3753e64512a982bcc77','colouration?id=6',1426602238),('8f1a2515e96c9ed685a5455cee71969d','user_tracking?id=370&userid=hatem',1426853400),('8f2c661c0108aa3b3285d37b172b636b','user_tracking?id=154&userid=admin',1426853217),('8f5ead4a536fc7bc31f54cf0a3d49848','taxonomic_identy?id=Dendrobatidae_altamazonica',1426506175),('8f74eb9007daa1821558a12e4aae8f6a','taxonomic_identity?id=7',1426764852),('8fa61b24dd65bf005bfea75990a8b5e3','user_tracking?id=34&userid=admin',1426853165),('8ff63f0ad9c4a54a89dcb6258703e4ca','taxonomic_identy?id=Viola+labradorica',1425313731),('9002ab843417bfacbe80d15884f82123','user_tracking?id=410&userid=hatem',1426853415),('900c077bc1988e027790a97a54316227','taxonomic_identy?id=Collinsia+sparsiflora',1425313729),('905643a7feaaa5ecafd086e549fe2ca1','user_tracking?id=211&userid=hatem',1426853329),('906255faa4ffee82de4cf587804584bb','user_tracking?id=531&userid=hatem',1426853548),('9088c7738867ee13c237e8ba6e4c0dda','user_tracking?id=487&userid=hatem',1426853533),('90b79c9c2c4b442ab287deb869ff8b1f','taxonomic_identy?id=28',1425372867),('90ec08b51cfe90e13c5e8f58ab0a3881','user_tracking?id=452&userid=hatem',1426853431),('91041cb33a66069a5c30d60c99b6864b','user_tracking?id=369&userid=hatem',1426853400),('9104702f28cbf334974c476ae9dff7d4','taxonomic_identy?id=Temnospondyli',1425554204),('912ea369f9903f3d4f983beabab943db','user_tracking?id=450&userid=hatem',1426853430),('9179efa647b2c0df96e3108b4b4704c2','hindlimb_characters?id=A27',1426518588),('917e317dd00a8fa0b15947317c9f310f','head_characters?id=A21',1426518269),('9198b7661c701deef8dfbc8afb02e67e','taxonomic_identy?id=X241',1425563527),('91b2dc1168d074bd48c7bac8af29778b','colouration?id=Symphyotrichum+laeve',1425312506),('91e7051a06418f93306c77f8f4f3f764','taxonomic_identity?id=fdsaf_afffh',1426778909),('91ed601945428bd14531e4691f31df9c','distribution?id=Aerugoamnis_paulus',1426853547),('9206a90fb1a7589697b5b28c0026a312','colouration?id=Salvia+columbariae',1425312503),('92127d639de580b3eb98128b9b3d8e9e','habitat_preference?id=Dendropsophus_parviceps',1426853539),('9238b163bfed1d2669420b952ad416a0','call_parameters?id=A29',1426519931),('923d2d474e9e7b7b036f46d5a970ba52','taxonomic_identy?id=15',1425372865),('9245ff6bcf62e1fc2921749e8a9f4ec7','taxonomic_identity?id=A21',1426518023),('92498e07d5a68fdd9325d14c72f3f4f4','user_tracking?id=289&userid=hatem',1426853356),('9294b0c00810419c16bb21ab1aa5398d','user_tracking?id=28&userid=hatem',1426846992),('92d3d1b26c41d4063e56a4738e0a6dfb','forlimb_characters?id=X221',1425563525),('9309beb7e7569cce5b0659e0a8bc8818','user_tracking?id=11&userid=admin',1426853155),('930b799799f24718a7d9b96836827b1c','call_parameters?id=11',1426602250),('930dfd67cc49a6ad3b3f0f002bda22ad','distribution?id=Dendropsophus_parviceps',1426853537),('933198ff8daca231f23938eaf9667a4c','call_parameters?id=A24',1426519930),('933b92212f54111ac2b611b09c285dd4','user_tracking?id=578&userid=hatem',1426853565),('93b2923d7f88e9b9adfd5aca34c880dc','head_characters?id=Microhylidae_amiatoi',1426506166),('93e2c6ba63074f33227841d49f5fe304','hindlimb_characters?id=Oreophryne_amiatoi',1426853580),('93fcce1851b8eeb372b86fc5f2ee3f82','habitat_preference?id=A21',1426518974),('94034691286247f502a4f6cb8498c08a','head_characters?id=7',1426602239),('9458fbf3bbb083e5e40316b75c095edb','user_tracking?id=12&userid=admin',1426853156),('945ecb826b9d6aa8f2d6f8c6bd108fd2','iucn_threat_status?id=4',1426602233),('945ef7b4028138fc4b85e13dd35aa22c','call_parameters?id=Oreophryne_amiatoi',1426853582),('947c72afbc6068551e1f2c683846bbbf','user_tracking?id=284&userid=hatem',1426853355),('94ac3e8dfcff634bb27c496350c842f1','colouration?id=Aerugoamnis_paulus',1426853550),('94c024699641e9aa6eb95f8307363fbc','user_tracking?id=46&userid=admin',1426853170),('95088316a1c396a25d5afdc20c41a3f8','user_tracking?id=420&userid=hatem',1426853419),('951a4cf699f19cf13974986c16b06a43','taxonomic_identy?id=31',1425372867),('9589a6ae1f07126a61f98c182c47692b','bodysize?id=X24',1425558756),('95edac2b48f1669d629041b1fded37f1','iucn_threat_status?id=A23',1426519614),('95f71d2151c26877e29ed10a9979a308','colouration?id=Lupinus+sparsiflorus',1425313690),('961c30419199097b4f9b773d985168d7','user_tracking?id=428&userid=hatem',1426853422),('966e64ee2614ac9d88fa458e3ed4544b','distribution?id=X24',1425558756),('9697986bbf34fdf4ea9e99ee3748bcf7','egg_deposition?id=4',1426602232),('96a217f5ee626fa2b3ca9552cf348173','user_tracking?id=311&userid=hatem',1426853365),('96b1c0226f3c7df483e66a7281c12141','user_tracking?id=384&userid=hatem',1426853404),('96be9232a2afbce854a117f847cdc54b','user_tracking?id=480&userid=hatem',1426853440),('96cfa9b30396d6997385f2c7b888972b','colouration?id=Agastache+foeniculum',1425313681),('96d68c572ca09ff70fbeb9b5bb06dc7f','user_tracking?id=180&userid=hatem',1426853316),('96eb8262a43bb8c34c7927ae293d4f70','bodysize?id=8',1426602241),('96ebca2e1d81658fd0586528e4816e93','user_tracking?id=223&userid=hatem',1426853333),('96f9df73dae286a3c8fa1cc3cb8670b9','user_tracking?id=287&userid=hatem',1426853356),('9719f453bca8532dcab28e085b2bb23e','forlimb_characters?id=Plagiosauridae_pulcherrimus',1426506148),('9768ddb5a989c6b5ac95d5a5d0e0f477','distribution?id=7',1426764873),('97a3185208df18aa56de2f58f5adeda6','egg_deposition?id=A22',1426519477),('97bf27cb8d262a6d25a4b0f6d8dcaeba','user_tracking?id=131&userid=admin',1426853208),('97e021f6c5501486a49fe60ca78842da','forlimb_characters?id=4',1426602232),('9824fbe34b5a377b9c762178938eb443','user_tracking?id=212&userid=hatem',1426853329),('98e6b1d67ab8732ec9a76f1ef8fc6b9e','head_characters?id=Hylidae_crepitans',1426506153),('9904038acf875976cf839e79679429d0','user_tracking?id=504&userid=hatem',1426853538),('9929e69e50b84dd4d218539bc68fa552','hindlimb_characters?id=X261',1425563530),('9936005499c77df42aa4e109378ac884','user_tracking?id=2&userid=admin',1426853152),('99714196c30e28b247c9b2e32bd6d112','user_tracking?id=490&userid=hatem',1426853534),('9980403e9858aff3d746586e6e944669','taxonomic_identity?id=myspecies_mygenus',1426522421),('99b6aabf600c15444c26fb08a7b33dff','calling_behaviour?id=Odontophrynidae_americanus',1426506163),('99d3f76385e4d2ebd32bc566992d7b54','user_tracking?id=570&userid=hatem',1426853563),('9a4285515d82c5f0da7c56ed2ef0a8c7','user_tracking?id=124&userid=admin',1426853205),('9a5fb2d48ed0c2686cd3eaeab216dbd5','user_tracking?id=313&userid=hatem',1426853366),('9b5dc27567591bc7ddc510038cae1455','user_tracking?id=264&userid=hatem',1426853348),('9b8712dd2f9eb0bdfea54be9592cff24','distribution?id=A29',1426518099),('9bae82aa520a458f1b390553db2d9b74','bodysize?id=Blephilia+hirsuta',1425312481),('9bcc8a10b3fc666abba72510be74c989','taxonomic_identy?id=X271',1425563530),('9bef0ee5ebcab0434080019a0b68bbdc','head_characters?id=X22',1425558754),('9c2a9c48944ca71b0268b44f1be382fd','user_tracking?id=29&userid=admin',1426853163),('9c4a48f9790c2f6fb3c67dbb489de479','iucn_threat_status?id=442',1426505047),('9c96a9b2a9a4e8228abf686786654521','distribution?id=',1426585639),('9c9b2f5cf6c779944cc5d180522b26c4','user_tracking?id=499&userid=hatem',1426853537),('9cec3fe757789b8fe5973862a45c0ca0','forlimb_characters?id=X22',1425558754),('9cf76b8a93fb6ce5f415580a54fe2859','forlimb_characters?id=X23',1425558755),('9d2565c640abaedf47400ae91d26d96e','head_characters?id=Odontophrynidae_americanus',1426506162),('9d6c9bd2ba12e4b6268b3acc6de82c53','calling_behaviour?id=Rhacophoridae_appendiculatus',1426506158),('9d8eb8eb5b4373c305423eb77676ad0c','user_tracking?id=248&userid=hatem',1426853342),('9d921d5c7b94f856c2fe74d8c51de48f','user_tracking?id=115&userid=admin',1426853198),('9db2305eb9399def5b2d8e5cbe0720d2','habitat_preference?id=Microhylidae_amiatoi',1426506167),('9db643551da3d9c633d75f494f49ed3e','user_tracking?id=582&userid=hatem',1426853567),('9dd7e170bd4993863a8a3664f165f47c','bodysize?id=66',1426505051),('9e9f08e5eef9c8a1c869d66a587205a2','user_tracking?id=359&userid=hatem',1426853396),('9ecb0ad38f03956c06fb9f2bb1d6ef4d','head_characters?id=Plagiosauridae_pulcherrimus',1426506147),('9ed3e6dceb2064a18e50bac7909253b1','bodysize?id=A27',1426518004),('9ee7586b1c25fc7295ce50423b332ddb','user_tracking?id=525&userid=hatem',1426853545),('9f050f8ab61756777ce2d794d43cbb95','taxonomic_identy?id=C',1425551864),('9f59fb4b43e81d5d96a7dc53a0979406','user_tracking?id=559&userid=hatem',1426853558),('9f5e64f90cd4c998ce23e1317240fee4','user_tracking?id=427&userid=hatem',1426853422),('a00834b42a503401f922564c14aa8e7e','user_tracking?id=456&userid=hatem',1426853432),('a037acec24482a13a817846a63df67ec','egg_deposition?id=A21',1426519477),('a03c92c243e588e07b7bb880982e079d','user_tracking?id=588&userid=hatem',1426853569),('a043249016837cb119d67ea2cd856291','user_tracking?id=336&userid=hatem',1426853388),('a0464f6720a6000f07f2afc687d6f00e','distribution?id=34',1426505043),('a057f2ee0dad6da71691e81f6fb41895','user_tracking?id=375&userid=hatem',1426853402),('a06a76467e757c7a5fb3c6a562e36844','taxonomic_identy?id=Pholistoma+auritum+var.+auritum',1425312504),('a0a7bb47b3c7aac0a95a44a05b9767f2','head_characters?id=X21',1425557864),('a0ae14935f181311860f2e6ddd45581f','call_parameters?id=4',1426602233),('a0bf970623a357fbf1b3136fd17a4a83','user_tracking?id=54&userid=admin',1426853174),('a0c5fbdc90bf4f33acd7303028a7671f','calling_behaviour?id=Microhylidae_amiatoi',1426506168),('a18eea055ef23f52534ee1520f78371d','taxonomic_identy?id=SS_GEN',1426502120),('a1babfa319f1c4de3225658599fc8d9e','iucn_threat_status?id=Anomocoela_paulus',1426506151),('a262175b496b101f22729c5a33197d33','calling_behaviour?id=7',1426602240),('a26fda2fa2391956e03917309c7805cf','taxonomic_identy?id=X18',1425557861),('a28076d5390c4c0beccfff11ceee15f9','user_tracking?id=600&userid=hatem',1426853573),('a2c02bdd60f0d6977b6facdc162b7ad0','user_tracking?id=218&userid=hatem',1426853331),('a2cd9d4180e77a047ed522cb8c7bdd39','user_tracking?id=238&userid=hatem',1426853339),('a2cec124c4414b944fb4f7159981b910','bodysize?id=Cardioglossa_elegans',1426853533),('a3198df40ebe566c2fe1b094627535e9','user_tracking?id=415&userid=hatem',1426853417),('a35d5fa7c3fe1a97e63768b50aa95d60','user_tracking?id=343&userid=hatem',1426853390),('a38bd06d43398e85a0224ee648bb2f28','iucn_threat_status?id=Kurixalus_appendiculatus',1426853560),('a3b1302fac92baa8bc798dab1c6baa87','distribution?id=8',1426764873),('a3c013436e6d15af1096a9d0506dc4b2','habitat_preference?id=A22',1426518974),('a3cc5d5de64e5dc564427c649c066fc8','taxonomic_identy?id=X25',1425558766),('a3fa4ad207d857614bd22cbc3ec8254a','user_tracking?id=377&userid=hatem',1426853402),('a46915285601fc8f6f6e6da1b69ff5a5','distribution?id=X4',1425554279),('a4827f9116c673c4dd4c49533d52b094','call_parameters?id=3',1426602230),('a4839050f43e5a852f43ead3ede0f3cc','head_characters?id=X261',1425563530),('a4908652653106c9f450c40108182240','vocal_sac_tympanum?id=1',1426602224),('a502ae5410ca83a8598d8b5abd3be9cc','user_tracking?id=278&userid=hatem',1426853353),('a5091fe5cae8e819fd65625c1075d9fb','distribution?id=11',1426764872),('a519df76e353bfb5f7c7e23737ff7d9e','colouration?id=A26',1426519789),('a5269330df83da159d374c2d3ab45459','iucn_threat_status?id=3',1426602230),('a5604e0f3e5ab0d23df31357eef516a4','hindlimb_characters?id=X221',1425563525),('a56b644023b7ff76e5a37cb5af288276','vocal_sac_tympanum?id=Mantellidae_eiselti',1426506164),('a5728459c3664134b1908cf98ef02bbf','hindlimb_characters?id=A29',1426518588),('a58fd815b4054944b859597f49370536','users?UserID=13',1426779564),('a59e1ab2b18c822578dac41ce2c48665','user_tracking?id=253&userid=hatem',1426853344),('a5a2abf11b0a98d8f208fe185c27be91','habitat_preference?id=66',1426505052),('a5b32061755db1d47625d37625bbf236','call_parameters?id=Hylidae_parviceps',1426506146),('a5eeb2cf4d717023e18147c44ad510cb','user_tracking?id=603&userid=hatem',1426853575),('a5f2f98e5c1ff8cac6fe9c2abc87460a','bodysize?id=Phlox+hoodii+subsp.+canescens',1425313700),('a5ffaad4ce93d6973518aa2b02f05ff2','taxonomic_identy?id=X22',1425558765),('a60e6410b832d0ca8fe12dc44849992c','colouration?id=10',1426602247),('a63f2817a2de2010b0b1a441412dd990','user_tracking?id=194&userid=hatem',1426853322),('a63f527e0ac0166943452ee365573702','misc?id=A20',1426520617),('a6458cbf6c5c03b9e07f3bd2cab992e8','taxonomic_identy?id=Hylidae_crepitans',1426506174),('a6509ad691e69a2dec78d8869945bf13','head_characters?id=X18',1425557861),('a6cc824ec124a258cb6cb3cd3e450d52','user_tracking?id=301&userid=hatem',1426853361),('a6e99dd87bb41dbb198ad9cf6525aeb3','distribution?id=A28',1426518099),('a75b0319355f09133c2f728f0de98fee','colouration?id=Iris+macrosiphon',1425313699),('a768b9e2d091858aa2054ec6544f64c5','iucn_threat_status?id=A20',1426519613),('a77451f52c91e4c51b00e4fd5a28bace','distribution?id=Anomocoela_paulus',1426506149),('a7a28cae9047df0e1d52efce6de633ee','hindlimb_characters?id=Odontophrynidae_americanus',1426506162),('a7a67522ef85b5e67cd36fbf14a1fc71','bodysize?id=X231',1425563526),('a7bfc0b3e36194509fec6886779f40c0','hindlimb_characters?id=X251',1425563529),('a82c6ec65b0a165b9ed8379c5406bc5f','taxonomic_identy?id=X261',1425563529),('a83e78e9e9a1f2b2164acb3b8aa1a4de','distribution?id=X23',1425558755),('a890a5a1903bd459ff34bb66811fa64f','forlimb_characters?id=X291',1425563532),('a8df817c181e0b162d9e851f8ab1c8d0','user_tracking?id=272&userid=hatem',1426853351),('a931b78a1261344ba89ca8958711941d','taxonomic_identity?id=Oreophryne_amiatoi',1426853600),('a9c82904e941688762b4903d8e30421a','taxonomic_identy?id=X5',1425554287),('a9d7306f32c02195de204db810055132','distribution?id=X9',1425555930),('a9dca69793aa20e6c4a1e626aa010fc3','user_tracking?id=358&userid=hatem',1426853396),('aa40b1538fe4be5df25bfc7059ab7d8f','user_tracking?id=373&userid=hatem',1426853401),('aa5e5b721897de32bfe119e5230cbb8f','distribution?id=X20',1425557863),('aa84835be0a101d0a1451a1af4433204','user_tracking?id=564&userid=hatem',1426853560),('aa8fab6dfd78c210e2c893ab601a62f3','user_tracking?id=524&userid=hatem',1426853544),('aaf13fa159f184a557ee8e13f53d4700','taxonomic_identy?id=Gilia+clivorum',1425313726),('ab153f48eee5e157aeaa95a08051075d','distribution?id=A25',1426518098),('ab44ab55e6c39bef3c4b1b56089b7e27','bodysize?id=Lupinus+grayi',1425313680),('ac266969120ab619c7900cd683063661','iucn_threat_status?id=Kassi_senegalensis',1426853585),('ac35ca8c1c923ad00943553ba5e1cde4','taxonomic_identy?id=12',1425372865),('ac37adc12abde1a602b1c9cc8838b537','taxonomic_identity?id=Gerrothorax_pulcherrimus',1426853600),('ac4602055193f30076de0d818af1b8ac','vocal_sac_tympanum?id=',1426585639),('ac4e63cfbc687a85824e263f4b87e197','calling_behaviour?id=Hylidae_crepitans',1426506156),('ac9177c00128e436ec2a6a0b0d1542b9','taxonomic_identy?id=Phacelia+tanacetifolia',1425312502),('accbccb18c69d830b9534c4644c2066e','user_tracking?id=8&userid=admin',1426853154),('ace8288a54265efd6874565490b2399d','egg_deposition?id=Microhylidae_amiatoi',1426506167),('ad40e360bb75bd02d5bfa1320dcfb7f3','call_parameters?id=Ameerega_altamazonica',1426853566),('ad67026e4e832cf1a50c579a9587c6b2','egg_deposition?id=8',1426602242),('adc326c5c5c94d71aba317825c13ba2d','distribution?id=A21',1426518098),('add36816c79db288d550ccbb92b11ea8','bodysize?id=6',1426602236),('ae060d903bd51578dfc7ebad259ba705','bodysize?id=34',1426505043),('ae4c86d2a470acaa4a35cb6c4590632c','colouration?id=Symphyotrichum+oolentangiense',1425312500),('aeaa3a6fe6719c451b503e53f25e1e63','taxonomic_identy?id=4',1425372864),('aedd327695c2c5fc1b6b2c5f1db9b1e0','distribution?id=X261',1425563530),('af211ffd22b247f746525395b4703b03','user_tracking?id=312&userid=hatem',1426853365),('af4275d4ab78cca19ce871e0cc0f9734','head_characters?id=5',1426602234),('af4980fdc36b98a2ad311130497983e4','user_tracking?id=164&userid=admin',1426853241),('b05340a24fa045f0b00e113f23b7e0c8','habitat_preference?id=Ameerega_altamazonica',1426853565),('b06f80206091759cb6e6543f7d4a6968','colouration?id=Lupinus+albifrons',1425313684),('b08c3b6233ea778696e8ee43c9e1e13d','colouration?id=Sisyrinchium+montanum',1425313708),('b08ed19ce220de424cd61d33996f2753','bodysize?id=X16',1425557859),('b0dc2316938da93050ad7630db627258','taxonomic_identy?id=A20',1426500654),('b0e076750b8ae54a56757883ca75eb9b','distribution?id=Cardioglossa_elegans',1426853532),('b106556cf7d5d4a5ad2a46c21d3188e6','call_parameters?id=Kurixalus_appendiculatus',1426853560),('b108f5fb232f802341ec11ca46589b69','bodysize?id=Phacelia+tanacetifolia',1425312502),('b18df0852b71c59dd69bce1387e63512','user_tracking?id=10&userid=admin',1426853155),('b1b443668fcd461d3b2ca60bf300c3a6','user_tracking?id=425&userid=hatem',1426853421),('b1d502968f8cb6db125bbe0b9de9531b','colouration?id=Viola+labradorica',1425313712),('b2304c65fd86a19d323c529e20885538','colouration?id=5',1426602235),('b23188c8c16e49c25de45715c6d53a2c','user_tracking?id=630&userid=hatem',1426853584),('b23612ecf3e6ed8596272259cea87e58','colouration?id=A23',1426519788),('b2381f0a6dd064a230e1e4e80b6a2456','hindlimb_characters?id=Plagiosauridae_pulcherrimus',1426506148),('b245413c4dd296b75609adb69d3259c3','hindlimb_characters?id=1',1426602224),('b252fbb341d7d6df274ab592c3b888f4','hindlimb_characters?id=Odontophrynus_americanus',1426853569),('b25de1079e6d2817d451af6fefaf8bfc','user_tracking?id=271&userid=hatem',1426853350),('b276b45ea41c713117540f2ceaf36a55','habitat_preference?id=Hyperoliidae_senegalensis',1426506169),('b295650ddc36b5911f8cf88570db6e3e','egg_deposition?id=5',1426602235),('b2ba77153b87c821258495e7c2058232','hindlimb_characters?id=X271',1425563531),('b2c57d38fce3fcabe573cc62885a03f4','egg_deposition?id=A25',1426519477),('b2df4fb94ce552e4b749698d0693bc69','iucn_threat_status?id=Hylidae_crepitans',1426506155),('b302217899c2e99d74a08791471234ca','forlimb_characters?id=Oreophryne_amiatoi',1426853579),('b308622ceb14d3b1c05434044c616f97','user_tracking?id=105&userid=admin',1426853194),('b30a4c031be6ec652e2643f0efe1e1f5','forlimb_characters?id=Dendrobatidae_altamazonica',1426506159),('b31fe7a4cb6eb9fc8af08365da0a8053','head_characters?id=X27',1425558760),('b34fc906a106f3a9964826da443891cc','forlimb_characters?id=10',1426602246),('b36b46d1c3e518e4826f98b500de26df','user_tracking?id=43&userid=admin',1426853168),('b40e461c9ceb6d305f6e0202d4e78c4e','habitat_preference?id=11',1426602249),('b42bdb8c82678ef033b419365c760a05','taxonomic_identy?id=Polygala+vulgaris',1425312480),('b4381ed5bf3199e4c86ac801d500f0e6','call_parameters?id=9',1426602245),('b439b10e1f4ecb3d5893768777c8e0fe','call_parameters?id=A21',1426519930),('b45a2849a826def1862697a5f24bbaca','user_tracking?id=199&userid=hatem',1426853324),('b46822434f37f10aaece9eda2bfd7846','taxonomic_identy?id=Iris+macrosiphon',1425313728),('b46aaffe57fd6c0c997ce5795485d5a8','head_characters?id=Hylidae_parviceps',1426506144),('b49453ad14713d34b295b7d9c9efa8e1','taxonomic_identy?id=Agastache+foeniculum',1425313723),('b4adb09e0da854d9ee346fadd79f8921','user_tracking?id=552&userid=hatem',1426853555),('b4e39d76c550ebbe014633bbc6a75eaa','user_tracking?id=40&userid=admin',1426853167),('b4eb964652a8ffbab2c1f9a32dd2cb13','user_tracking?id=254&userid=hatem',1426853344),('b51dc05e97709198980fd5252fab8a41','bodysize?id=A23',1426517994),('b521dc25d68a44f1a8c54fa1f2e88af8','misc?id=1',1426602225),('b53bf12e53e9b3dad97076232a9d3ace','user_tracking?id=209&userid=hatem',1426853328),('b54b69223b86d58244b93d1f3be015bc','user_tracking?id=436&userid=hatem',1426853425),('b56fa3fe56e50a6aba4b2755c27dd7ac','calling_behaviour?id=A24',1426520029),('b5c1170dac844b1f835853106cfbb14a','distribution?id=Hylidae_crepitans',1426506153),('b5ca0544e2238d7ce496f6c80282fc5d','call_parameters?id=Mantellidae_eiselti',1426506165),('b62518933cf5538a359a26e79883c835','bodysize?id=1',1426602223),('b62da2c279699248a50ea2c2d9afbe6a','user_tracking?id=498&userid=hatem',1426853536),('b64da5ce0677b4b6454aa3b8e3b52a76','distribution?id=Hyperoliidae_senegalensis',1426506168),('b661dca3567d5dda5a3466748a37455a','colouration?id=Polygala+vulgaris',1425312480),('b68dd5a9007b425b5072eefaba5e796e','taxonomic_identy?id=Viola+palmata',1425312495),('b6bdebd0432bc8bb5cb98f7d36321958','colouration?id=Phacelia+tanacetifolia',1425312502),('b6de4d79433e8a9254f5c9ec2292c94d','user_tracking?id=467&userid=hatem',1426853436),('b70eba603a9d0a3fca82b50f73bda0d7','distribution?id=X13',1425555932),('b71ce89e1ea6243ff422708da8415454','user_tracking?id=523&userid=hatem',1426853544),('b73646b0f380c3e07cbe749779513c9c','calling_behaviour?id=10',1426602248),('b74ce4b5c1de816fe64675fd43bc1605','colouration?id=Linanthus+parryae',1425313680),('b75b730516aa52783ae7dfbd9b55a0f6','user_tracking?id=9&userid=admin',1426853155),('b76b693e6c00116f238c688b520b2154','user_tracking?id=505&userid=hatem',1426853538),('b776185195d75752d1208d752aec8f76','user_tracking?id=501&userid=hatem',1426853537),('b798e9789cb47d376ffe816f24892a3c','user_tracking?id=25&userid=hatem',1426846818),('b7aecd9ea8aa9e32204a56040eed95c2','taxonomic_identy?id=X291',1425563531),('b7e56bfa7e2da609f8ab3d38c11a8312','colouration?id=Campanula+americana',1425312505),('b820ba5b5fd1dfd4b6b8c2d85843d76e','users?UserID=2',1425397891),('b8236f105d572a54b3262f428fc442af','colouration?id=442',1426505047),('b8370783f559bed5edbc8a9c44707f16','bodysize?id=X29',1425558761),('b88ed04c494ac973c251ad5d4e50e6a3','hindlimb_characters?id=A30',1426518588),('b8ec561685f2616ba39d13b84941187a','user_tracking?id=481&userid=hatem',1426853441),('b94074ff90051ea282bf651e0f4a70f4','colouration?id=Kurixalus_appendiculatus',1426853560),('b961f28fa01fb312de1d6501c5085630','user_tracking?id=424&userid=hatem',1426853421),('b978dd02d2d7eac96d34a44d0aad1a82','user_tracking?id=365&userid=hatem',1426853398),('b9c84e79b25a0a1e999dbdf82beee6f5','user_tracking?id=399&userid=hatem',1426853410),('b9ee7f84c4f20ef053a70d204ef57de4','taxonomic_identy?id=Microhylidae_amiatoi',1426506175),('ba429f71b09f7b48d5b9972d981f3d74','vocal_sac_tympanum?id=Odontophrynidae_americanus',1426506162),('ba46e313d66ac67b6cd42d4a7febb1b3','distribution?id=X291',1425563531),('ba5a89a48c308a88e5c8fb728a9cb65a','taxonomic_identy?id=Ameerega_altamazonica',1426506433),('ba6a71890461fc6500891a1e1a4437f8','forlimb_characters?id=X241',1425563528),('ba75838547144dee653a318f2f243b4f','head_characters?id=Rhacophoridae_appendiculatus',1426506157),('ba88aff488943b91ba06bf9318c0160b','misc?id=6',1426602238),('ba8f07350cbbb253fc24779c25b26af8','colouration?id=Brodiaea+coronaria',1425312480),('bac02678394e78bf59eb2b2e3ba871e5','forlimb_characters?id=9',1426602244),('badc5ba2838cd4ed9cdfe36511b5b87b','calling_behaviour?id=6',1426602238),('bb11ee95d7c6b15ee318eb14df14afdc','calling_behaviour?id=34',1426505045),('bb1264f03b9e0e62b3b97c91877356d1','user_tracking?id=529&userid=hatem',1426853547),('bb12c203edac1c99040f818c73d8e865','habitat_preference?id=Kurixalus_appendiculatus',1426853559),('bb171751e790369f043c9bff4995d28c','colouration?id=13',1425373556),('bb422aee60809f9e08ba916ab41962de','forlimb_characters?id=X26',1425558759),('bb5d4aa03bb9a7469e9cbd5172bb5648','misc?id=Aerugoamnis_paulus',1426853551),('bb69acea84d989b0655d5a59fc5b5c68','user_tracking?id=392&userid=hatem',1426853407),('bba455fe121d60c34fbb71819bf5ba95','user_tracking?id=334&userid=hatem',1426853387),('bbafae6592a282cb13674108015a86cc','user_tracking?id=598&userid=hatem',1426853572),('bc001eb9d0d20a7a79ce3526469e89b3','taxonomic_identy?id=Rhacophoridae_appendiculatus',1426506175),('bc188d0b9d1edd4d056da334295d6c84','colouration?id=Gentianopsis+holopetala',1425312483),('bc266c45e24b03c522d313505ed6b7d8','colouration?id=Blephilia+hirsuta',1425312481),('bc3725fb00b060d85960ad4f7e506193','call_parameters?id=Acris_crepitans',1426853555),('bc488c8e1d9127c4f1c95782bb03cf76','hindlimb_characters?id=X231',1425563526),('bc58def62dcfe3c27cb2921f5a7069ae','hindlimb_characters?id=Cardioglossa_elegans',1426853534),('bc837452df59334a7d66c336ea655ebf','head_characters?id=Ameerega_altamazonica',1426853564),('bc8e8c9cd2dcf43c774f87933c35e7b9','colouration?id=Gilia+clivorum',1425313693),('bca9317563271c87bb0dea52aac546d3','head_characters?id=22',1426505049),('bcbc0bd2316290d8867d5728e6a7166b','taxonomic_identy?id=Lupinus+sparsiflorus',1425313726),('bce1aab8f0f4c818d2359af362a23290','taxonomic_identy?id=Kassi_senegalensis',1426506434),('bce2a605cbc5ec1f81e990ada84842d6','misc?id=22',1426505050),('bd1fa467754a0b61fe3523f4ecc6c5e1','user_tracking?id=482&userid=hatem',1426853441),('bd6428007bbad7ef49152ed1a838aaf5','distribution?id=Plagiosauridae_pulcherrimus',1426506147),('bd7475d27be9ae8f3c7a762e81a87844','taxonomic_identy?id=3',1426505057),('bd78829c2c1e6da92938e273e932b3de','vocal_sac_tympanum?id=A28',1426518798),('bd835758f2fd486e22372b15b22d224f','user_tracking?id=319&userid=hatem',1426853368),('bd9326aa69220c50a143f5fba837d32f','colouration?id=Hyperoliidae_senegalensis',1426506170),('bda7aa68a123b80ef8f2ffc6b5813401','user_tracking?id=615&userid=hatem',1426853579),('bde057323c58e7b2a9597db4076e2cf4','user_tracking?id=553&userid=hatem',1426853556),('bdfd8cbff97d64fc2116878ab01b0ec4','user_tracking?id=346&userid=hatem',1426853391),('be07a3e1b6ef16013fc7adcbd14be1a3','user_tracking?id=84&userid=admin',1426853185),('be10afb3876399456e3c4936808bd943','distribution?id=X241',1425563527),('be45bba1ac6e3ad6ed76d015ef6b669f','egg_deposition?id=Gephyromantis_eiselti',1426853575),('be54bd34250577eb7e3f65c788d81ccd','user_tracking?id=421&userid=hatem',1426853420),('be554dcfb310b1e4938965444ffdbf08','bodysize?id=Polygala+vulgaris',1425312480),('be9991cf42a250fd43bf150e914b5d98','user_tracking?id=281&userid=hatem',1426853354),('beb6e1a4e7491f18dc6b086bcc42fe02','bodysize?id=A26',1426518002),('beb7d1c1963e15c8c7cb7764c92a541f','distribution?id=A24',1426518098),('bef891b0053cd16073ba03f71931f14c','user_tracking?id=299&userid=hatem',1426853360),('befe5f9fe3db6dc2439c0d7b4ea168aa','head_characters?id=X291',1425563532),('bf1d2b0c58fbc38c30725a2e52ace4d8','user_tracking?id=550&userid=hatem',1426853555),('bf3eac5388359521dad1275bc6b7ec91','user_tracking?id=163&userid=admin',1426853240),('bf53159d0d50e4761d63d0ea3369535b','user_tracking?id=161&userid=admin',1426853240),('bf81df43d488198ff856183604c62b48','colouration?id=3',1426602230),('bfa371dd6317eaebee8c4f2bbdf7d994','vocal_sac_tympanum?id=A25',1426518798),('bfb7b4becb5e95e183443889aec3e754','taxonomic_identy?id=Lupinus+breweri',1425312489),('bfd365d155897f01adf975f59a09cb07','egg_deposition?id=66',1426505052),('c0560c82093764c1cbe24dd066b6719a','bodysize?id=Ionactis+linariifolia',1425313701),('c07289721f90b3cdbb890bdc8436b05e','user_tracking?id=576&userid=hatem',1426853565),('c08d5101cafa6e13b68ae731a15a0e10','head_characters?id=Odontophrynus_americanus',1426853568),('c0dde6ea2cae266e4bc8ac840d9cf6d1','user_tracking?id=93&userid=admin',1426853189),('c0de2d09dc0dbd99b6735f4223b332f8','user_tracking?id=398&userid=hatem',1426853410),('c0fd280659c7f43c8afee4d0bf70fd81','bodysize?id=Lupinus+sparsiflorus',1425313690),('c1479a5ce95c97bdcd394421b487f4ce','taxonomic_identy?id=333',1425308169),('c1568250502098e2b0b9b5702c5e0ed2','taxonomic_identity?id=Kassi_senegalensis',1426853601),('c198aedd84c595e23eb03ed407d57906','habitat_preference?id=A24',1426518974),('c199204521d11f210142d64707907f1b','colouration?id=Cynoglossum+grande',1425312485),('c1a401477b7760b2efa2145c0a72b105','misc?id=Kurixalus_appendiculatus',1426853561),('c1c7d65038915ec9068907d354ea0062','user_tracking?id=407&userid=hatem',1426853414),('c1c996abe128a321b7a7ad4eebb214c4','forlimb_characters?id=Anomocoela_paulus',1426506150),('c1d7c90414f74d2f81304d9d7ad0a28d','distribution?id=A27',1426518099),('c21aee6dc6270079b946940392c3d936','user_tracking?id=288&userid=hatem',1426853356),('c222181aaeaf841bf06891b21f6ba3c4','user_tracking?id=242&userid=hatem',1426853340),('c267133e47c8f258c5a3cd58606a8fd6','user_tracking?id=210&userid=hatem',1426853328),('c2a93d1b51d42598f1f144a45b0d4b65','user_tracking?id=566&userid=hatem',1426853560),('c2c4a6cab1103b7e44052ddf9aa68439','colouration?id=Odontophrynidae_americanus',1426506163),('c2cdc4174239b4730455670a740c821e','hindlimb_characters?id=Dendrobatidae_altamazonica',1426506160),('c2d91c3f3c23e7ad4ddac3bc2ed00353','colouration?id=Verbena+hastata',1425312498),('c32319406fddef051407c2c93257a767','taxonomic_identy?id=Phlox+hoodii+subsp.+canescens',1425313728),('c339c826f25b4035544fb8f1c76804ff','habitat_preference?id=8',1426602242),('c365e56605e4ed63f809a4ca411c9264','habitat_preference?id=Arthroleptidae_elegans',1426506142),('c36a35ad2881aeb8b38097867ce77e8c','call_parameters?id=Hylidae_crepitans',1426506156),('c3716b9f0914b0338e4b848509154c8d','vocal_sac_tympanum?id=X221',1425563525),('c412f16758bcef533f2b49bb5f258596','taxonomic_identity?id=A29',1426518024),('c41b50f12107f56e034e9b27174800a2','bodysize?id=A21',1426517990),('c43da2777cf064557f5e65ea950dc9e9','taxonomic_identy?id=Nemophila+pulchella+var.+pulchella',1425312481),('c48b609cdb792310abd076b65eca213e','taxonomic_identy?id=X21',1425557864),('c496b31b4d83bb4b4b043a443fb4fc5e','taxonomic_identy?id=Linum+lewisii',1425312484),('c4c902d56f85e19ba696693aa6dc0bcb','user_tracking?id=318&userid=hatem',1426853367),('c52334524fdab6961c12beec00682844','user_tracking?id=477&userid=hatem',1426853439),('c541da1fb4ae3c3d74ea1927ad0965b1','user_tracking?id=90&userid=admin',1426853187),('c56b417649685943bab48fd21c47d65d','colouration?id=Oreophryne_amiatoi',1426853581),('c58cd05e900a25fb82d919bac5be6c44','user_tracking?id=361&userid=hatem',1426853397),('c5b3d282d8ae092af041437bfba0dc42','colouration?id=7',1426602240),('c5ce12aac323de5c7184ee42fba01321','vocal_sac_tympanum?id=A26',1426518798),('c5ce1c1a9aaa0eb5519713e59ac12ff9','user_tracking?id=252&userid=hatem',1426853344),('c5d255e2bb48c8c4d9cceb6c40c306db','head_characters?id=X20',1425557863),('c5e8ceb274b57f3a82b02f7232445609','taxonomic_identity?id=A20',1426518023),('c5f20248fff5eba88361165c8f61d12d','user_tracking?id=39&userid=admin',1426853167),('c6015871d9699134725ed8dc10981a44','vocal_sac_tympanum?id=3',1426602229),('c61670a93d229da0da219046e1b9c143','user_tracking?id=298&userid=hatem',1426853360),('c6a22db5f1651a992fa5a9e572ba5f9a','user_tracking?id=324&userid=hatem',1426853376),('c6e3943a96b216311de702c3af6dfe80','taxonomic_identity?id=5',1426764851),('c76a4538cf1605a357e09e60694a06d4','user_tracking?id=624&userid=hatem',1426853582),('c7a82e719dc9ea955826282cf3d72c8f','colouration?id=Iris+virginica',1425313788),('c7acd24014e29f75cef91f94366d8eb8','distribution?id=X17',1425557860),('c7f7eae754f202d7b84ca5323b9fa1b2','user_tracking?id=408&userid=hatem',1426853414),('c86be43e84ddacb54fd594b3160a7925','taxonomic_identy?id=21',1425372866),('c87bb1d9863e64ac163227c8007a411d','vocal_sac_tympanum?id=5',1426602234),('c8889cf824d606a0d104e01fb396b49d','user_tracking?id=611&userid=hatem',1426853577),('c8dc91b1810b9a61191007713ff6d586','user_tracking?id=577&userid=hatem',1426853565),('c90d57d62d6a7901b122f268bdd13e8f','iucn_threat_status?id=A25',1426519614),('c949df3e97416bc948bb4bf02a0d7000','calling_behaviour?id=Acris_crepitans',1426853556),('c98b9880689ffd26e1388c1ac7619116','bodysize?id=Symphyotrichum+laeve',1425312505),('c998381abb4ec771e9a642cce219efdf','iucn_threat_status?id=1',1426602224),('c99ba732ada941b006a7d9680ac42eae','egg_deposition?id=Arthroleptidae_elegans',1426506142),('c99e2a637f01df664957479e9d1cd37b','user_tracking?id=36&userid=admin',1426853166),('c9db353c929d08f2f91596e66e91cb4f','taxonomic_identity?id=3',1426764851),('c9e3bc8976ff77eda58393a97cfe8e6b','colouration?id=9',1426602245),('ca041637b1e664d52865705be0efd670','user_tracking?id=500&userid=hatem',1426853537),('ca4331722dff698715069ac04beedc21','user_tracking?id=307&userid=hatem',1426853364),('caa34f4f7d0849e564eb215d8bd5f7b7','misc?id=',1426585640),('caae07075ac0653d6ebe820b21f1156b','bodysize?id=Campanula+scabrella',1425313703),('cac7799dc8324d6a1f8f4cf004eb7cc3','taxonomic_identity?id=Aerugoamnis_paulus',1426853600),('cad24b17c564f16be903bdcdd440ca37','user_tracking?id=303&userid=hatem',1426853361),('caf9737981d41b588a4d32f98f84e8ff','user_tracking?id=495&userid=hatem',1426853535),('cb3818c8404be694faac06d75f4fd45e','user_tracking?id=401&userid=hatem',1426853411),('cb6c2514affd1e5d577e6351c29b7526','user_tracking?id=633&userid=hatem',1426853585),('cb8d7aff76e99d6ceaa5e728f6b90f4f','egg_deposition?id=Acris_crepitans',1426853555),('cb9aa66af9be29be10cb21da7191992e','head_characters?id=Cardioglossa_elegans',1426853533),('cbc50910eb38e3cd6ff102f011a503e9','user_tracking?id=123&userid=admin',1426853204),('cbd8c6d653e3c23ff8855e32d12551ee','hindlimb_characters?id=9',1426602244),('cc00a621994d72fc10550af5007eeccf','user_tracking?id=462&userid=hatem',1426853434),('cc27de4de5c12091da214f7c3a8647a0','taxonomic_identy?id=18',1425372866),('cc2dd2066e627e250fcfccd0ea5fa7c6','distribution?id=442',1426505046),('cc706c05c6fc7ad8cc181c4c72107dcf','bodysize?id=Lupinus+brevicaulis',1425312507),('cc77cb62de5da4e405ccbcf6f39abffb','user_tracking?id=146&userid=admin',1426853214),('ccadd8cae2f257cdb758648660727f1e','vocal_sac_tympanum?id=Dendropsophus_parviceps',1426853538),('ccb8e97cab9155539edad3fe1c497a8b','misc?id=A27',1426520618),('ccc75bd9558b562b1393dd0dbe71e3fe','user_tracking?id=110&userid=admin',1426853196),('cd9d7c93a069e3947498b1de48cfd9ec','user_tracking?id=618&userid=hatem',1426853580),('cdba96be98a636817fb8f26703d497be','hindlimb_characters?id=A25',1426518588),('cdc5fc114df789f0a53509cc07b473cb','user_tracking?id=309&userid=hatem',1426853364),('ce00537b4123bdfee076f14a6158261b','user_tracking?id=538&userid=hatem',1426853550),('ce0f8dd0cde164ebf8fa57495c2661da','colouration?id=Dendropsophus_parviceps',1426853540),('ce177c5c53dc9a26fba4cd0cc4b9b6d2','user_tracking?id=387&userid=hatem',1426853405),('ce2932479f7f417fafeb720aebe4c35b','user_tracking?id=70&userid=admin',1426853180),('ce2d35d5474b59c1f11953bda1450b53','user_tracking?id=613&userid=hatem',1426853579),('ce41006729d26516eee61231d152c423','taxonomic_identy?id=X20',1425557863),('ce6a26dc5f5c4bc6eff4cfdd375114cd','egg_deposition?id=Dendropsophus_parviceps',1426853539),('ce9e044d2899222044c9f19813034be4','vocal_sac_tympanum?id=Plagiosauridae_pulcherrimus',1426506148),('cee75a4d4e7a73701d154c1f10fb7213','forlimb_characters?id=3',1426602229),('ceebb141654adc94385a6aef7e59cd84','taxonomic_identy?id=Campanula+scabrella',1425313729),('cf085a86cbfc3824ea9ac04d4b433307','user_tracking?id=586&userid=hatem',1426853568),('cf47d3707ffa607b264997cc9a7523c8','user_tracking?id=409&userid=hatem',1426853415),('cf5478cce5b3be8cb6fa4ff662f0838d','taxonomic_identy?id=ggg_gg',1426504669),('cf600ad7b7cc13f87bac8d923b18c8b3','taxonomic_identy?id=Campanula+scouleri',1425312501),('cf647c923cde5591b714b5b69cd21792','bodysize?id=Ageratum+houstonianum',1425312491),('cf9bc7676c9bb6c401a43154d734bef8','taxonomic_identy?id=20',1425372866),('cfba5ff8597ccc02cc2aa2856c0d43f5','distribution?id=X10',1425555931),('cff13a92c7ce1bf623f6288381fe58c0','user_tracking?id=170&userid=hatem',1426853312),('cff534cbe35fecf90b145f58733607ee','user_tracking?id=304&userid=hatem',1426853362),('d03189132e916ebfc5d2e27c792c2b34','bodysize?id=Hylidae_parviceps',1426506144),('d06295fb0fe4757e457394a44a247893','user_tracking?id=152&userid=admin',1426853216),('d09f07282719321f0c43a55b54b3f97f','bodysize?id=Mantellidae_eiselti',1426506164),('d0a2ee44eebef31a49da5331ae71c937','user_tracking?id=27&userid=hatem',1426846902),('d0a338e1d0801938c812822e27fd312b','iucn_threat_status?id=66',1426505052),('d0a948aefd9bee6e52770b26c6b508ed','vocal_sac_tympanum?id=2',1426602227),('d0bba48eac74e73da4484e7e25b3d9f0','user_tracking?id=454&userid=hatem',1426853432),('d0d725c644278d7dbc461d9139760cce','taxonomic_identy?id=elegans_Cardioglossa',1426504391),('d1249c88cd746deaac27e23c205d32df','taxonomic_identy?id=Arthroleptidae_elegans',1426506174),('d13efa1ffa501ccdb522e302faba7211','vocal_sac_tympanum?id=X231',1425563527),('d14c5fc4cba68af8bc87a44067a7e135','call_parameters?id=_',1426586393),('d154a7fefd857e095004289629cad2ab','user_tracking?id=292&userid=hatem',1426853358),('d1768c99e5aab59f88ff91662ce1cdef','user_tracking?id=526&userid=hatem',1426853545),('d184ad71a491bb4dbc0c3044ad9f87b3','iucn_threat_status?id=5',1426602235),('d187dab78748d09eef1e7619f469b6fc','user_tracking?id=357&userid=hatem',1426853395),('d1cd8a1c9b295c20d95fd8db3c295132','colouration?id=Phlox+hoodii+subsp.+canescens',1425313700),('d1d2aab0ea03c17fa76fcbfdf7a15d6a','hindlimb_characters?id=442',1426505046),('d1f212cc7ebf6cff0e4d5f59bff837e1','user_tracking?id=438&userid=hatem',1426853425),('d210ed92b0507e196100fd7fecbf5846','call_parameters?id=Anomocoela_paulus',1426506151),('d22643d516e9433105badd72e0cdd7ee','forlimb_characters?id=Kassi_senegalensis',1426853584),('d22b63b6902425b016788c472d493f6d','head_characters?id=4',1426602232),('d244f8d5ea400449710207d3535c6b50','vocal_sac_tympanum?id=6',1426602237),('d24b7318dc166f6812019ebc520b96c7','user_tracking?id=279&userid=hatem',1426853353),('d260494040a8eec1542a8af3d377cb1a','user_tracking?id=372&userid=hatem',1426853400),('d2750f0d3eb6a9339a355aac783100e7','user_tracking?id=555&userid=hatem',1426853556),('d2a613ef86fa408f9cf04391fd67c094','iucn_threat_status?id=A27',1426519614),('d2b026f780cc8536fc12b930a60eabae','bodysize?id=A22',1426517992),('d2b262831dcc68aa4497a5a4b7a5b1b6','user_tracking?id=458&userid=hatem',1426853433),('d2c76e76fe261455266e6e74cd620cd2','misc?id=A30',1426520618),('d2e0696bec4419c074a2744608085997','user_tracking?id=67&userid=admin',1426853178),('d330b3a2a88a7948e9f91cfacbe0c5ef','user_tracking?id=21&userid=admin',1426853160),('d356ef2916aceac9d049b6d776c6d525','user_tracking?id=17&userid=admin',1426853158),('d361c62c266e1d7eceb0d2b9f64b9cb9','distribution?id=5',1426764872),('d390d7a812875b19cdded9fc7a11e152','habitat_preference?id=Gerrothorax_pulcherrimus',1426853543),('d3cbe47b3b0312f6d200b08ace546847','user_tracking?id=584&userid=hatem',1426853568),('d3cf5dfec810cee63d6c2c836dde0c44','hindlimb_characters?id=7',1426602239),('d3f0e892caf1e9cc93a0dcc32b3fb73f','user_tracking?id=256&userid=hatem',1426853345),('d40af1f4a177410c51cbb865409a5d63','calling_behaviour?id=Ameerega_altamazonica',1426853566),('d420243bff97b47f388eed52f8c23eb8','user_tracking?id=26&userid=admin',1426853162),('d4226ad4e7626734e474b56d4a9ac7a6','habitat_preference?id=Acris_crepitans',1426853554),('d43ac65e0004fc467031a575b762e728','calling_behaviour?id=A26',1426520029),('d441b736d76b94f857a6d42f5dc61788','user_tracking?id=347&userid=hatem',1426853392),('d45b638c0dd82d2fd8f0fc6ed26bfd27','user_tracking?id=98&userid=admin',1426853191),('d478abee1e1fbafa72d10c92dd8af459','user_tracking?id=291&userid=hatem',1426853357),('d48a3e6a27f1239573b60311d2872482','bodysize?id=X261',1425563530),('d49f444353f89ebcfce2fb81498254bc','taxonomic_identity?id=A25',1426518023),('d4c4334c691a164c51f1fd3084e76de1','user_tracking?id=196&userid=hatem',1426853323),('d4caff634b1ff2b897aaabde0ffd99a4','taxonomic_identy?id=Lupinus+brevicaulis',1425312507),('d4ef68181a578f45610acbcefa92929f','bodysize?id=4',1426602231),('d4f4597d6e9b217f178c84cb66db8c9a','habitat_preference?id=2',1426602227),('d4f68756a1b64d67e4ea3e71d4c046c2','head_characters?id=442',1426505046),('d5aaaad482a2c6fe9dfee74c0ec656c1','user_tracking?id=77&userid=admin',1426853183),('d5cd56a90ca2feed4d5c643a6c29aa7c','user_tracking?id=239&userid=hatem',1426853339),('d5e2940de9d9b537c11f40fc4f59939a','user_tracking?id=243&userid=hatem',1426853341),('d5ff54cd433e5601e751f88d509c92cd','user_tracking?id=315&userid=hatem',1426853366),('d618923acc604a9ba506c8291f2a3688','user_tracking?id=385&userid=hatem',1426853405),('d684fd96292ffd11468aff693bc05aba','hindlimb_characters?id=6',1426602237),('d6e7d7624f99d790cdd6508d36d1418a','user_tracking?id=7&userid=admin',1426853154),('d7215fea5f4a200cefb5765a534fdaf1','user_tracking?id=42&userid=admin',1426853168),('d73e24debd529d648b16bf3dd92c8665','user_tracking?id=261&userid=hatem',1426853347),('d74b7096a33e895ddb7414bf5934e99e','user_tracking?id=97&userid=admin',1426853190),('d76d11cf215b583e0dfb2f6cd6208058','call_parameters?id=Cardioglossa_elegans',1426853536),('d77295e14161d57cb2bb65db488f6b80','hindlimb_characters?id=Arthroleptidae_elegans',1426506141),('d78c7a5a76d97fc1bcfdeee843b28623','user_tracking?id=215&userid=hatem',1426853330),('d793c0a80d41a984b68eb932915bdb6a','user_tracking?id=549&userid=hatem',1426853554),('d79ca58e6b0c4d22ad0756a9ba1caf31','user_tracking?id=141&userid=admin',1426853212),('d7be645fb6e54fd61902545d0367eb53','taxonomic_identity?id=A26',1426518023),('d7e05bc4c6b45ebd6960ca417aa33fe2','iucn_threat_status?id=Odontophrynus_americanus',1426853570),('d7fa731e7af541a3e05de06d6d66d47d','user_tracking?id=305&userid=hatem',1426853363),('d8575609364ad746ee6a395ddf40693b','taxonomic_identy?id=X1',1425554287),('d8ac901ee8d95161dab615383f8b929e','distribution?id=Hylidae_parviceps',1426506144),('d8b40ed74b8ad0e8a818eea7afb5ac45','vocal_sac_tympanum?id=X241',1425563528),('d8c4ca71b43fb54dcdc229d2edc8390e','egg_deposition?id=Plagiosauridae_pulcherrimus',1426506148),('d8e2cb97d7d7d29cef51a2b4554fa3a7','egg_deposition?id=Ameerega_altamazonica',1426853565),('d903bb8b162714ee6f509e1f00a52c14','user_tracking?id=32&userid=admin',1426853164),('d90ba42254ee1a2847753ac07dbb5a8e','vocal_sac_tympanum?id=11',1426602249),('d90d67c0eee21874c0c344068213fe8d','hindlimb_characters?id=A28',1426518588),('d915acdcc2c4867c552888db43020b90','taxonomic_identy?id=E',1425551865),('d927f85a89d98bcd91270da45e94c1eb','hindlimb_characters?id=Hylidae_parviceps',1426506145),('d92c5164dd8ccdaa260266579aa830a1','user_tracking?id=493&userid=hatem',1426853535),('d93ca204d7ceced310f4d8fbc50a8550','taxonomic_identy?id=24',1425372866),('d99dfeb8bb07a67341f213715ea9b7f3','user_tracking?id=512&userid=hatem',1426853541),('d9b69f2c193cc0b8e22ee09b8a3c3e9d','user_tracking?id=402&userid=hatem',1426853411),('d9f2761e660866f7bf47f916c28632a5','distribution?id=X2',1425554278),('da1dfb99d593e1a213dd7d6b6c94a16e','taxonomic_identy?id=A25',1426501015),('da2ce48fbcfd57eabd3e968973501111','taxonomic_identity?id=gha_aaf',1426839824),('da30289b2b2dc9840a72f5e6a87c39a9','user_tracking?id=189&userid=hatem',1426853321),('da48ec776812c1f0b6b1bea5b5f4f424','taxonomic_identy?id=Symphyotrichum+oolentangiense',1425312500),('da6e249ca1bcfb2ab15349859631b412','user_tracking?id=506&userid=hatem',1426853539),('da763db4a66118bb0052ae8ff4a346c9','vocal_sac_tympanum?id=4',1426602232),('da97bb8ecca79fabce1d9bd75d95f05f','user_tracking?id=625&userid=hatem',1426853582),('daa2e56cba1357de22941c491b2e5930','egg_deposition?id=22',1426505050),('dabaa1ba7cbd61c570c1058618080069','user_tracking?id=202&userid=hatem',1426853325),('dadce11155c5a0bf8336f0b5ef6d828f','taxonomic_identy?id=SOME_SAe',1426502281),('dafb5e9dbfdb9795b7e3e30a8df8572b','bodysize?id=9',1426602244),('db2bd3901fe9466fc9c7bb24f618ef8c','egg_deposition?id=1',1426602224),('db316a908ccdd6da08297735872f98c4','vocal_sac_tympanum?id=_',1426586392),('db7df8096f177a0061d5d78c345caaf4','user_tracking?id=620&userid=hatem',1426853581),('db80017f4eefb5af0f587f4289fed739','taxonomic_identity?id=fa_Aerugoamnis',1426841506),('dbb4baaad794d8484b6a9ea82f13640c','distribution?id=X19',1425557862),('dbb9f99acaeb182ff7d141cacc1d718a','egg_deposition?id=A30',1426519478),('dbc0d36e67b588e863bf8f9ce20c88a9','habitat_preference?id=A28',1426518975),('dbd6b626e6f6744d6fd711f6b0185b8f','user_tracking?id=184&userid=hatem',1426853319),('dbdf1ec95419f63d41ceaa37da2d74a3','user_tracking?id=314&userid=hatem',1426853366),('dbef7a17bd9c0f971b2c8f34cb1f5fd4','user_tracking?id=18&userid=admin',1426853158),('dc45879db8724529ac609e9ea7539d22','bodysize?id=Rhacophoridae_appendiculatus',1426506157),('dcfb0fb8143df903ff4df08e86b408e5','user_tracking?id=404&userid=hatem',1426853412),('dd6f4e88dbebaebfdb362b1f04124af2','user_tracking?id=558&userid=hatem',1426853557),('dd7bb501309d3fe6215fc977f0cf82fc','user_tracking?id=575&userid=hatem',1426853564),('dd9a4997ca4e84f8cc87e73ac3104674','colouration?id=gha_aaf',1426840169),('ddb3910ebb2a84f379a043f2ea600b94','bodysize?id=X10',1425555931),('ddd7ceb9527099cd999567309597b6fa','iucn_threat_status?id=10',1426602247),('ddf5fce316e4805ef7288e2e384d453c','egg_deposition?id=Aerugoamnis_paulus',1426853549),('de246b51d1d3b94a2d5a802bc954f489','user_tracking?id=65&userid=admin',1426853178),('de4a7c1b9831e39546ba1f21039ab1d0','user_tracking?id=430&userid=hatem',1426853423),('de50f6d7c095cba0991cf1edb49dc683','call_parameters?id=10',1426602247),('de52946d267b45b27be1914b82029542','user_tracking?id=571&userid=hatem',1426853563),('de57f6c84d435761ac4e86a73b65ee03','habitat_preference?id=9',1426602244),('de8f8d46223cb6095cac641791e31811','user_tracking?id=596&userid=hatem',1426853571),('debb768b723e673dea26d78c0ee22779','taxonomic_identy?id=9',1425372865),('def13bf36042437df80e7c3e2472b302','user_tracking?id=260&userid=hatem',1426853346),('def6b03a65b093474bcbae2029424aa8','user_tracking?id=451&userid=hatem',1426853430),('def8ebc9a01dfc0ea75e4cd30c1ca854','vocal_sac_tympanum?id=A24',1426518798),('defff3ed7b9cde5b0714c9092ed8cf7e','user_tracking?id=66&userid=admin',1426853178),('df42c6d4e9ee875ed9e5ffa798ed3f1a','head_characters?id=X15',1425557858),('df75a407da5d67adf6e69808876698f3','users?username=aaa&email=test%40test.com',1425394183),('df9de1efcba73dad2b84acd704b9af40','user_tracking?id=214&userid=hatem',1426853330),('dfab0f2421a2a0a44175cbd9708c712d','user_tracking?id=205&userid=hatem',1426853326),('dfdaaa07e57f7dda2734153f033b6bab','habitat_preference?id=10',1426602247),('dffd026274dc2294b193b11776199862','user_tracking?id=484&userid=hatem',1426853442),('e02238d61bf05e077eb6462f2396c979','habitat_preference?id=6',1426602237),('e0440ff456056ff66fb7a29e9b19f761','head_characters?id=66',1426505051),('e045b08b8d039c43203ee71c303f2c6e','misc?id=8',1426602243),('e05bda223903beae9118049b3e986f5b','colouration?id=Microhylidae_amiatoi',1426506167),('e060ba6c6fbf3237b8603ade2967f571','user_tracking?id=15&userid=admin',1426853157),('e06385de69e7bce975d5f6bc197d8154','bodysize?id=X291',1425563532),('e063ee33cfcf9e2c50b39969aa53a94d','misc?id=A26',1426520618),('e080e7ebe98dce49374a4fc9450c0fd0','taxonomic_identy?id=Scutellaria+parvula',1425312494),('e09ce7e096ff5191adc1b85046dba415','colouration?id=Rhacophoridae_appendiculatus',1426506158),('e0b397845fb1f02302b43ea3e4ec9f97','user_tracking?id=203&userid=hatem',1426853325),('e0ff6e9f4892f62d19c76100b6a3ffa7','user_tracking?id=352&userid=hatem',1426853393),('e1039a05a1ad19f175a00754c6bd51d1','iucn_threat_status?id=Odontophrynidae_americanus',1426506163),('e11d6deff5c1a14993aaabd0c43f7df1','habitat_preference?id=7',1426602240),('e11e369d760e5251af6354611172f3cb','call_parameters?id=Aerugoamnis_paulus',1426853550),('e1203287e5f3500d60d606d5f6f6c892','user_tracking?id=35&userid=admin',1426853165),('e121ffabb7b99f6f20eb582fb7531f20','taxonomic_identity?id=twr_afffh',1426513534),('e1442a08c5976e2e43bafb88e66b2ec8','colouration?id=Iris+douglasiana',1425313713),('e14ec0aff868665e2b61b05643994a6c','misc?id=Cardioglossa_elegans',1426853536),('e15fc1c4d3909851268060c5377851c5','habitat_preference?id=A26',1426518975),('e187765a998cd6e5d93b1c1b45ff0876','taxonomic_identy?id=fdsa_da',1426504813),('e19848b301198f2a5e57d6234306e8d8','hindlimb_characters?id=Mantellidae_eiselti',1426506164),('e1af7d42eaaa836902c9e4acb282a291','bodysize?id=Polemonium+reptans',1425312500),('e1dbfdeeb614524e145ea2768ef10a89','habitat_preference?id=442',1426505047),('e1dfbf7ace80a4fcd65070d648fa185e','call_parameters?id=A26',1426519931),('e201c7142f05c708846942cfb71942be','call_parameters?id=Microhylidae_amiatoi',1426506167),('e224adbed647ca0bdbb7784dd9c39402','misc?id=_',1426586394),('e24cdc59583722018cf769c49da8d430','user_tracking?id=64&userid=admin',1426853177),('e251b7ec2fb14e2468813677e8a2fb02','user_tracking?id=83&userid=admin',1426853185),('e33b71d126f995e561630003931f2c8b','misc?id=Anomocoela_paulus',1426506152),('e3b3c53d80b8302c9479de344fc1ad26','iucn_threat_status?id=Acris_crepitans',1426853555),('e3baf16f921806f1fff5859e7bb8dee5','distribution?id=A23',1426518098),('e3c60e6f6bf40347a5b0dc622bb239e5','head_characters?id=X19',1425557862),('e3f68efebf67614ce873ff600372bc09','head_characters?id=_',1426586392),('e429d554c38e836c6ae2e5fcb20f8742','user_tracking?id=50&userid=admin',1426853172),('e4352ff9407fe0574f0e54c7c8774627','call_parameters?id=66',1426505052),('e44a896931cf4924a8cd7b6db2e6395d','hindlimb_characters?id=Acris_crepitans',1426853554),('e4c4d92f045e641888d201f827668f0f','head_characters?id=A30',1426518270),('e53f9feeea0a10e83c71c48b88ef21b3','habitat_preference?id=5',1426602235),('e553c872bfbce4cacff981fe7313c176','user_tracking?id=283&userid=hatem',1426853354),('e573656ade79e75ee7b282d3ea805891','user_tracking?id=87&userid=admin',1426853186),('e57905c037181a67f2dd1439a308f0f2','misc?id=4',1426602233),('e5f2111625f36744388559e92b694ede','egg_deposition?id=A24',1426519477),('e5f9313eaf21e4bf7d58ff9b4120da60','forlimb_characters?id=8',1426602242),('e6242e358abbae952228376c25fbfc9b','user_tracking?id=492&userid=hatem',1426853534),('e660183af99dde768e7ed63e24c313bb','user_tracking?id=120&userid=admin',1426853201),('e6608fc7c1fe2d1f39c7498074aa1510','user_tracking?id=423&userid=hatem',1426853420),('e66e5810e53bfffeb863021b6b28f5fa','user_tracking?id=74&userid=admin',1426853181),('e6a498f4b1fb396baf0f27d126529f38','distribution?id=X15',1425557858),('e6bbe9677b3ad9bbead92aff7c282c68','user_tracking?id=341&userid=hatem',1426853390),('e6bd3c9a3b4f683820963a899341426f','user_tracking?id=534&userid=hatem',1426853549),('e6bde7e1e2c19aa898fa7efc4099ab8d','user_tracking?id=382&userid=hatem',1426853404),('e6d1775f5bc6688c96f9f1475581de2e','distribution?id=X7',1425554280),('e6ff28bc66f0ae98c0cd25c4c0da22ac','colouration?id=Lupinus+succulentus',1425312488),('e7109bbcd68d40e0bd046a7b93daade5','user_tracking?id=445&userid=hatem',1426853428),('e729b82d9622e025fbe2f2a64f000650','user_tracking?id=71&userid=admin',1426853180),('e7a4cfa2db14975c8191be2962ffdb13','calling_behaviour?id=_',1426586394),('e7e428b991ffbfa723ff14722a9221cd','taxonomic_identy?id=Dendropsophus_parviceps',1426506432),('e7ed689cdc66f878caf4a0036b6c0f71','user_tracking?id=364&userid=hatem',1426853398),('e843340c50dd9f7dbcc1812cdbb02de1','forlimb_characters?id=X271',1425563531),('e8542797d139cc76a388783871652fa2','calling_behaviour?id=Hylidae_parviceps',1426506147),('e889a24f41f4cb954af59540750290fb','taxonomic_identy?id=zz_fa',1426505164),('e8920085548ee663f515cde2715bf3d3','taxonomic_identy?id=X16',1425557859),('e8f49fe53b16c2cbbf73b7f61a7e4199','egg_deposition?id=11',1426602249),('e932e0726b12812f4f12763c71cf0ada','user_tracking?id=567&userid=hatem',1426853561),('e9c3cb39941036a75103b253a4e1915a','taxonomic_identity?id=A23',1426518023),('e9cce6f77ef306094f2d8118e56f5278','calling_behaviour?id=Anomocoela_paulus',1426506152),('e9d5423b46a3fa15b32af113776082eb','taxonomic_identy?id=A24',1426501014),('e9fb9c643d8d7c5bba9b06635bd5ffd8','user_tracking?id=5&userid=admin',1426853153),('ea099b88555186dce4faedccf79f2309','bodysize?id=_',1426586392),('ea16ea7b4d6e854984738790be683a51','distribution?id=A26',1426518099),('ea1bce8a7a1b7bcafbca7c816db13060','bodysize?id=Verbena+hastata',1425312498),('ea22088a19677902a5a11ddb9a403730','user_tracking?id=562&userid=hatem',1426853559),('ea429095f889b1dd9f3f36147b9244cf','forlimb_characters?id=Kurixalus_appendiculatus',1426853558),('ea45b5962c6541f588639293acdfee7e','user_tracking?id=162&userid=admin',1426853240),('ea6fbae54e75a773238596c6078cb601','calling_behaviour?id=Kassi_senegalensis',1426853586),('eab1a6529c985a9124db3e759344daf5','taxonomic_identy?id=Mantellidae_eiselti',1426506175),('eb0c65600221a54e84ee85dce34abd89','egg_deposition?id=A28',1426519477),('eb0eb5e0c848acfa5f1bc346add223cf','call_parameters?id=Gerrothorax_pulcherrimus',1426853544),('eb1cbe9774ea6730574b15929ea8feb5','taxonomic_identy?id=Blephilia+hirsuta',1425312481),('eb439a658cb675a812ca8ce8c9168b0a','egg_deposition?id=_',1426586393),('eb4622122fc9b5ee3ac2b303e7cd74c8','misc?id=Plagiosauridae_pulcherrimus',1426506149),('eb9d128c7e261aa4f24f792f071679bc','misc?id=11',1426602250),('ebab225ca641677fb5f05c2ce2931b4f','egg_deposition?id=Kassi_senegalensis',1426853585),('ebfe57b3d3508351f8dd5d3f9889a659','bodysize?id=Collinsia+sparsiflora',1425313702),('ec0489b11e45d647125021eacc4e9a6b','forlimb_characters?id=_',1426586392),('ec6d209d293dde3b5aa8efc96808b655','bodysize?id=Acris_crepitans',1426853553),('ec8645160ac197b603b8435a9defcb0e','user_tracking?id=236&userid=hatem',1426853338),('ec910a589c6c5915e40196aef07cf2c7','user_tracking?id=136&userid=admin',1426853210),('ec9729ba9fdb310b18b2e818e3ca2128','forlimb_characters?id=5',1426602234),('ecb22174b98415f78a034dd2d7860ba4','iucn_threat_status?id=A22',1426519613),('eccf9623fb932673996df05c64568786','distribution?id=Gerrothorax_pulcherrimus',1426853541),('ecec0f2354842ac67ffe8f615ecb04e2','misc?id=34',1426505045),('ed1a3354946861d0d273376ced24c53c','distribution?id=X21',1425557864),('ed31e24a53b630667bbbc0863732b0a0','bodysize?id=Symphyotrichum+oblongifolium',1425312498),('ed5596a61ef332fb0e9883939d02435d','bodysize?id=Gentianopsis+holopetala',1425312483),('ed8593b2e5ccbc6ffe0ba92f51bdb30c','dataface__htmlreports_reports?report_id=1',1426600931),('eda10463483d0a6b5a76718346fefcc2','user_tracking?id=337&userid=hatem',1426853388),('eda578bb0a71b68df3ddc2b3d1783bb3','user_tracking?id=204&userid=hatem',1426853326),('edbc9296bcd04951a35a81c2b01dc786','bodysize?id=312',1425308163),('ee251962557c14157423e73ec3d71556','user_tracking?id=604&userid=hatem',1426853575),('ee29b232e6ad6c31cc2cb5b87c769d6a','taxonomic_identy?id=Gerrothorax_pulcherrimus',1426506433),('ee384d0e8835efb40d5027214400bf85','taxonomic_identy?id=Sisyrinchium+montanum',1425313730),('ee5dcafcbbe41e3c33e489ea1a3b3c5c','user_tracking?id=323&userid=hatem',1426853375),('ee83659f916da50502d1fe11867e0cae','user_tracking?id=267&userid=hatem',1426853349),('eedb565732191e88a1d912997e4bc85f','user_tracking?id=453&userid=hatem',1426853431),('ef1548ddd6f990a6dd64e8a35a586039','bodysize?id=Salvia+columbariae',1425312502),('ef19ddaec3047bad612fdc8aa0e498b2','habitat_preference?id=A20',1426518974),('ef210e9689a9689b90e73be3bdb29449','head_characters?id=1',1426602223),('ef2209d4cc236bf5111600ca28729dc7','habitat_preference?id=Odontophrynus_americanus',1426853569),('ef2489cea7730090f514d81e15ea2413','user_tracking?id=607&userid=hatem',1426853576),('ef5ccef916d26208b35b6bd5d26b069e','taxonomic_identy?id=312',1425308169),('efe79c0a58275e4fc7746024b5aadf29','taxonomic_identy?id=X14',1425555938),('f068c6bce7c01fe67c7950c68dcc3d76','user_tracking?id=350&userid=hatem',1426853393),('f0a48c19e5ada7b5576dacc9e29e95f9','user_tracking?id=520&userid=hatem',1426853543),('f0ab60dea9a45b4f0f33ad1495d9e1c7','user_tracking?id=172&userid=hatem',1426853313),('f138d016bde30c4ccece8e2522bad037','user_tracking?id=413&userid=hatem',1426853417),('f13cab37cf869f31967b77aec1c4b857','distribution?id=X29',1425558760),('f175056347be60d0659c589db74f61a1','users?UserID=11',1426515738),('f1a06c5fdcd922b52ee25e260786accc','user_tracking?id=371&userid=hatem',1426853400),('f205791953050243620ab1ad6da76e20','user_tracking?id=349&userid=hatem',1426853392),('f24e3943c58fd65fc0c132f5a45a4e88','head_characters?id=Acris_crepitans',1426853553),('f2c23059995d52658acb4a197ea03b03','taxonomic_identity?id=t_faf',1426781944),('f2c70107cb9b6977c9154c9de562542f','user_tracking?id=103&userid=admin',1426853193),('f2eb37950f99f62f9d145cea5c363ef9','distribution?id=X26',1425558759),('f31ea1befffc07386759f8c17b07f04b','taxonomic_identy?id=Sisyrinchium+idahoense',1425312508),('f341e13d07980cce7babae0b520a9e5e','taxonomic_identy?id=38',1425372868),('f387004d06f06bd36b0ead4b023d506a','bodysize?id=Viola+palmata',1425312495),('f3a51c7d842815e3b5b0d466c6c116d9','distribution?id=X16',1425557859),('f3b4f5201deece903eb9436901fa49f1','colouration?id=Plagiosauridae_pulcherrimus',1426506148),('f3d4e568a667e1e49c2afdc0cc620d47','user_tracking?id=250&userid=hatem',1426853343),('f3e2c708b54801a830e5ef6503836384','head_characters?id=X221',1425563525),('f40c308ea98add33596e23ca9ec7a170','colouration?id=Sisyrinchium+idahoense',1425312508),('f41332e83949b379a9a22354eb1c5322','call_parameters?id=Gephyromantis_eiselti',1426853576),('f42ed6efc7297e7f2293e2828fc2fec6','iucn_threat_status?id=Cardioglossa_elegans',1426853535),('f44aa6a2b42206e16b73768a43163e08','calling_behaviour?id=22',1426505050),('f4e266845f9c2aafbe8d58eced41477b','user_tracking?id=327&userid=hatem',1426853376),('f51b29233c46432df5d55a7fdcbff5ef','user_tracking?id=517&userid=hatem',1426853542),('f559534e36c0f7a8c87562ec4b6eb6f6','user_tracking?id=247&userid=hatem',1426853342),('f55d2e8a6a23734242bca57f6408e783','user_tracking?id=381&userid=hatem',1426853403),('f56b667164476bfef89ac2b5ccc92b79','egg_deposition?id=3',1426602230),('f58035ada4ab9e2df0e200b5a63682a7','taxonomic_identy?id=X29',1425558766),('f5d77c191f8c10327d6d3b69ed96b7de','forlimb_characters?id=A30',1426518416),('f5f6a14d938bb9b05045a53c7231d024','bodysize?id=Gilia+clivorum',1425313692),('f5feebbf9ba57ed47f2030c4adea734d','user_tracking?id=104&userid=admin',1426853194),('f60e9f0546fbad302c5fbe339f6dbbf7','taxonomic_identy?id=1001',1425551507),('f61954ba3d2541e4628cdc61ba5aaa86','head_characters?id=Gerrothorax_pulcherrimus',1426853542),('f635309b9a6f3ef63c7713adc9570ff2','habitat_preference?id=_',1426586393),('f65ee44510e98b437d40bbb2a20d5e45','user_tracking?id=502&userid=hatem',1426853538),('f67f6ff4c5de2407702b61a889d3ec2c','user_tracking?id=522&userid=hatem',1426853544),('f68fc1ddd0aabc0f16b8f567ef14ebc4','misc?id=Odontophrynus_americanus',1426853571),('f6965b89778ee5edd81f3689eb4a14d3','taxonomic_identy?id=1002',1425551507),('f6f6673bc6b92785f5b807e7b6bd846a','taxonomic_identy?id=39',1425372868),('f6f99e01a157e765c9ceb2954d4bf315','taxonomic_identy?id=X7',1425554287),('f799c54b0c60a69eda9aa230b5c667cf','user_tracking?id=290&userid=hatem',1426853357),('f7d48118f1a7ac024ecb2a99aea31712','egg_deposition?id=A27',1426519477),('f806f820b342bb18c466ed720651b1c5','user_tracking?id=340&userid=hatem',1426853389),('f823bda143c0f779e49d70fba7150477','user_tracking?id=300&userid=hatem',1426853360),('f8b12266d4956554085f3d3f94cbd251','hindlimb_characters?id=X241',1425563528),('f8b2d2b992c9c4bfc3a4a113b6c103c8','bodysize?id=Iris+douglasiana',1425313713),('f8fa93768f44c67cc34ee8fff863c99e','user_tracking?id=614&userid=hatem',1426853579),('f91d615b01e3c0e41bb8ab41e488f9d9','bodysize?id=10',1426602246),('f9297f3e1613756765756d8a3e63a423','taxonomic_identy?id=26',1425372867),('f92fb2596fba29dbc36b8f5049038595','user_tracking?id=216&userid=hatem',1426853330),('f9645256a25bed17ad21f745fabdcc5d','forlimb_characters?id=11',1426602249),('f9a9708315b48767d0547966103562f2','user_tracking?id=258&userid=hatem',1426853346),('f9d332f33c6e55005b66a2a6718ca793','bodysize?id=Nemophila+pulchella+var.+pulchella',1425312481),('f9d65cd38b854e68493e2191158b19fa','egg_deposition?id=',1426585640),('f9e8f8011f97fd446ad74deb5b476d05','user_tracking?id=166&userid=hatem',1426853311),('fa107bdcd1afbf48cf5d8648a0ae4e73','misc?id=Acris_crepitans',1426853556),('fa204b97526a9e8cec38ee301c8260ee','bodysize?id=Linanthus+parryae',1425313680),('fa267c179be16c336f4db6c11b956d4b','user_tracking?id=617&userid=hatem',1426853580),('fa7e489640979e7dfe39164d8fd86d78','user_tracking?id=515&userid=hatem',1426853542),('fa97f9a354326ca57502989bd1c2be77','user_tracking?id=595&userid=hatem',1426853571),('fb3f0f6e7d6fa51ca58e8bce49eec5ce','bodysize?id=Lupinus+albifrons',1425313683),('fb79c83a174cdba35db3e0153617e0fe','call_parameters?id=Hyperoliidae_senegalensis',1426506170),('fba591eb5654980f6470f32e1d2747bd','user_tracking?id=545&userid=hatem',1426853553),('fbcc25bb9e5457c8a7981eda296a9079','bodysize?id=Sisyrinchium+montanum',1425313708),('fbe211d16a050189dd08d2cac575a9d2','user_tracking?id=464&userid=hatem',1426853435),('fc07c705149e443dffc568edf8ba32c5','taxonomic_identy?id=Hyperoliidae_senegalensis',1426506175),('fc75b2d5c62340b4dd60cd23f8b28e60','bodysize?id=Kurixalus_appendiculatus',1426853557),('fca8532d4489d912e88fa123d32e17c6','user_tracking?id=330&userid=hatem',1426853377),('fcbf47cf403a78131781f0e74b6fb11a','taxonomic_identity?id=1',1426764851),('fcf7efc9347b34368c8bc4d26ae71e68','user_tracking?id=331&userid=hatem',1426853385),('fd1f0e4ea32ce1b710b91efc12214382','iucn_threat_status?id=Gerrothorax_pulcherrimus',1426853544),('fd495f868b5f9b66a927853d3864e898','bodysize?id=Gephyromantis_eiselti',1426853573),('fd6065348c8d71fa1d00091d74444b26','user_tracking?id=229&userid=hatem',1426853336),('fe28a97ec84d5618cf9ac2a2557fa95b','habitat_preference?id=Dendrobatidae_altamazonica',1426506160),('fe44a0dfe3cc4a55b139038670d591ff','taxonomic_identy?id=32',1425372867),('fe5d66c251776ace080a145052b4a8a7','head_characters?id=A22',1426518269),('fe646bdc481c040c2b34615c26f7fd01','head_characters?id=X16',1425557859),('fe7de23af550b941c1c8308d80185c51','misc?id=10',1426602248),('fe7eb1c089c078053af29d70a7a123f4','calling_behaviour?id=Gerrothorax_pulcherrimus',1426853545),('fe9271886588ac195a59baff18c890be','egg_deposition?id=A23',1426519477),('fef11c56fb34079bb5ac5cbcfaa511d3','user_tracking?id=585&userid=hatem',1426853568),('fefe47d4d5c8fc98f312e79743b82f23','taxonomic_identy?id=Lupinus+albifrons',1425313724),('ff15efb0803a0f0b33264d1f9db9e329','user_tracking?id=537&userid=hatem',1426853550),('ff501f694da226b9793656803f42b9c1','user_tracking?id=535&userid=hatem',1426853549),('ff5a8291ae44752d8b6cb62f6ce48e28','colouration?id=Odontophrynus_americanus',1426853570),('ff7d0efefc144aa15edb7aed08120a39','habitat_preference?id=Aerugoamnis_paulus',1426853549),('ff957dcbdf22f5759dce3e4f53a4a5f6','head_characters?id=8',1426602241),('ff9a4846f73327ba9b263db212b99101','head_characters?id=A26',1426518269),('ff9d80a5bb322a8c76e856d0c63a57ef','user_tracking?id=471&userid=hatem',1426853438),('ffaae0154962325611cba0c6901068e8','habitat_preference?id=Oreophryne_amiatoi',1426853580),('ffad8f9d7e4dcce352609583bd19d5fa','user_tracking?id=53&userid=admin',1426853173),('ffc3be1fb0cf16f04d420c50c97a6f0b','calling_behaviour?id=A29',1426520030),('fff6cf5844a46039478b7a1aafcc4674','user_tracking?id=38&userid=admin',1426853166);
/*!40000 ALTER TABLE `dataface__record_mtimes` ENABLE KEYS */;
UNLOCK TABLES;

--
-- Table structure for table `dataface__registrations`
--

DROP TABLE IF EXISTS `dataface__registrations`;
/*!40101 SET @saved_cs_client     = @@character_set_client */;
/*!40101 SET character_set_client = utf8 */;
CREATE TABLE `dataface__registrations` (
  `registration_code` varchar(32) NOT NULL,
  `registration_date` timestamp NOT NULL DEFAULT CURRENT_TIMESTAMP ON UPDATE CURRENT_TIMESTAMP,
  `registration_data` longtext NOT NULL,
  PRIMARY KEY (`registration_code`)
) ENGINE=InnoDB DEFAULT CHARSET=utf8;
/*!40101 SET character_set_client = @saved_cs_client */;

--
-- Dumping data for table `dataface__registrations`
--

LOCK TABLES `dataface__registrations` WRITE;
/*!40000 ALTER TABLE `dataface__registrations` DISABLE KEYS */;
INSERT INTO `dataface__registrations` VALUES ('1ed021a05ef5089233379be996f7bbdd','2015-03-03 14:45:42','a:3:{s:8:\"username\";s:6:\"hatem1\";s:8:\"password\";s:6:\"hatem1\";s:5:\"email\";s:21:\"h.m.sergieh@gmail.com\";}'),('66410adefc38da1e9486483597c15518','2015-03-03 14:45:06','a:3:{s:8:\"username\";s:4:\"test\";s:8:\"password\";s:4:\"test\";s:5:\"email\";s:14:\"test@gmail.com\";}'),('67da624214ee8e89992ce70459e669a3','2015-03-03 14:54:30','a:3:{s:8:\"username\";s:6:\"aaa111\";s:8:\"password\";s:3:\"111\";s:6:\"email1\";s:7:\"h@j.com\";}');
/*!40000 ALTER TABLE `dataface__registrations` ENABLE KEYS */;
UNLOCK TABLES;

--
-- Table structure for table `dataface__version`
--

DROP TABLE IF EXISTS `dataface__version`;
/*!40101 SET @saved_cs_client     = @@character_set_client */;
/*!40101 SET character_set_client = utf8 */;
CREATE TABLE `dataface__version` (
  `version` int(5) NOT NULL DEFAULT '0'
) ENGINE=InnoDB DEFAULT CHARSET=utf8;
/*!40101 SET character_set_client = @saved_cs_client */;

--
-- Dumping data for table `dataface__version`
--

LOCK TABLES `dataface__version` WRITE;
/*!40000 ALTER TABLE `dataface__version` DISABLE KEYS */;
INSERT INTO `dataface__version` VALUES (4166);
/*!40000 ALTER TABLE `dataface__version` ENABLE KEYS */;
UNLOCK TABLES;

--
-- Table structure for table `distribution`
--

DROP TABLE IF EXISTS `distribution`;
/*!40101 SET @saved_cs_client     = @@character_set_client */;
/*!40101 SET character_set_client = utf8 */;
CREATE TABLE `distribution` (
  `id` varchar(100) NOT NULL,
  `Continent` varchar(45) DEFAULT NULL,
  `Range_size1` float DEFAULT NULL,
  `Range_size2` float DEFAULT NULL,
  `Range` varchar(45) DEFAULT NULL,
  `elevation_min` float DEFAULT NULL,
  `elevation_max` float DEFAULT NULL,
  PRIMARY KEY (`id`),
  KEY `tax_dist_fk_idx` (`id`),
  CONSTRAINT `tax_dist_fk` FOREIGN KEY (`id`) REFERENCES `taxonomic_identity` (`id`) ON DELETE CASCADE ON UPDATE CASCADE
) ENGINE=InnoDB DEFAULT CHARSET=utf8;
/*!40101 SET character_set_client = @saved_cs_client */;

--
-- Dumping data for table `distribution`
--

LOCK TABLES `distribution` WRITE;
/*!40000 ALTER TABLE `distribution` DISABLE KEYS */;
INSERT INTO `distribution` VALUES ('Acris_crepitans','North America',NULL,NULL,NULL,NULL,NULL),('Aerugoamnis_paulus','North America',1,1,'continuos',NULL,NULL),('Ameerega_altamazonica','South America',NULL,NULL,NULL,NULL,NULL),('Cardioglossa_elegans','Africa',146696,NULL,'fragmented',270,1078),('Dendropsophus_parviceps','America',4478920,NULL,'continous',100,1300),('Gephyromantis_eiselti','Madagascar',NULL,NULL,NULL,NULL,NULL),('Gerrothorax_pulcherrimus','Europe',NULL,NULL,NULL,NULL,NULL),('Kassi_senegalensis','Africa',NULL,NULL,NULL,NULL,NULL),('Kurixalus_appendiculatus','South east Asia',NULL,NULL,NULL,NULL,NULL),('Odontophrynus_americanus','South America',NULL,NULL,NULL,NULL,NULL),('Oreophryne_amiatoi','South east Asia',NULL,NULL,NULL,NULL,NULL);
/*!40000 ALTER TABLE `distribution` ENABLE KEYS */;
UNLOCK TABLES;

--
-- Table structure for table `egg_deposition`
--

DROP TABLE IF EXISTS `egg_deposition`;
/*!40101 SET @saved_cs_client     = @@character_set_client */;
/*!40101 SET character_set_client = utf8 */;
CREATE TABLE `egg_deposition` (
  `id` varchar(100) NOT NULL,
  `clutchsize_eggs_min` float DEFAULT NULL,
  `clutchsize_eggs_max` float DEFAULT NULL,
  `clutchsize_eggs_class` varchar(45) DEFAULT NULL,
  `clutchsize_method` varchar(45) DEFAULT NULL,
  `egg_diameter_without_jelly` float DEFAULT NULL,
  `egg_diameter_with_jelly` float DEFAULT NULL,
  `location` varchar(45) DEFAULT NULL,
  `details` varchar(200) DEFAULT NULL,
  `clutch_structure` varchar(45) DEFAULT NULL,
  PRIMARY KEY (`id`),
  CONSTRAINT `egg_taxa_fk` FOREIGN KEY (`id`) REFERENCES `taxonomic_identity` (`id`) ON DELETE CASCADE ON UPDATE CASCADE
) ENGINE=InnoDB DEFAULT CHARSET=utf8;
/*!40101 SET character_set_client = @saved_cs_client */;

--
-- Dumping data for table `egg_deposition`
--

LOCK TABLES `egg_deposition` WRITE;
/*!40000 ALTER TABLE `egg_deposition` DISABLE KEYS */;
INSERT INTO `egg_deposition` VALUES ('Acris_crepitans',NULL,NULL,NULL,NULL,NULL,NULL,NULL,NULL,NULL),('Aerugoamnis_paulus',NULL,NULL,NULL,NULL,NULL,NULL,NULL,NULL,NULL),('Ameerega_altamazonica',NULL,NULL,NULL,NULL,NULL,NULL,NULL,NULL,NULL),('Cardioglossa_elegans',40,69,NULL,'dissection',2.1,NULL,'terrestrial','Aquatic foam nest',NULL),('Dendropsophus_parviceps',150,290,NULL,'observation',1.8,NULL,'aquatic','film_on_water',NULL),('Gephyromantis_eiselti',NULL,NULL,NULL,NULL,NULL,NULL,NULL,NULL,NULL),('Gerrothorax_pulcherrimus',NULL,NULL,NULL,NULL,NULL,NULL,NULL,NULL,NULL),('Kassi_senegalensis',NULL,NULL,NULL,NULL,NULL,NULL,NULL,NULL,NULL),('Kurixalus_appendiculatus',NULL,NULL,NULL,NULL,NULL,NULL,NULL,NULL,NULL),('Odontophrynus_americanus',NULL,NULL,NULL,NULL,NULL,NULL,NULL,NULL,NULL),('Oreophryne_amiatoi',NULL,NULL,NULL,NULL,NULL,NULL,NULL,NULL,NULL);
/*!40000 ALTER TABLE `egg_deposition` ENABLE KEYS */;
UNLOCK TABLES;

--
-- Table structure for table `forlimb_characters`
--

DROP TABLE IF EXISTS `forlimb_characters`;
/*!40101 SET @saved_cs_client     = @@character_set_client */;
/*!40101 SET character_set_client = utf8 */;
CREATE TABLE `forlimb_characters` (
  `id` varchar(100) NOT NULL,
  `forelimb_length` float DEFAULT NULL,
  `humerus_length_min` float DEFAULT NULL,
  `humerus_length_max` float DEFAULT NULL,
  `hand_length` float DEFAULT NULL,
  `first_finger_length` float DEFAULT NULL,
  `second_finger_length` float DEFAULT NULL,
  `third_finger_length` float DEFAULT NULL,
  `forth_finger_length` float DEFAULT NULL,
  `finger_disk` varchar(45) DEFAULT NULL,
  `dermal_fringe_along_finger` enum('yes','no') DEFAULT NULL,
  `lateral_dermal_fringe_on_finger` enum('yes','no') DEFAULT NULL,
  `webbing_on_finger` enum('yes','no') DEFAULT NULL,
  `inner_palmar_tubercle` enum('yes','no') DEFAULT NULL,
  `outer_plmar_tubercle` enum('yes','no') DEFAULT NULL,
  `supernumerary_tubercle_on_finger` enum('yes','no') DEFAULT NULL,
  PRIMARY KEY (`id`),
  CONSTRAINT `taxa_hindlimb_fk` FOREIGN KEY (`id`) REFERENCES `taxonomic_identity` (`id`) ON DELETE CASCADE ON UPDATE CASCADE
) ENGINE=InnoDB DEFAULT CHARSET=utf8;
/*!40101 SET character_set_client = @saved_cs_client */;

--
-- Dumping data for table `forlimb_characters`
--

LOCK TABLES `forlimb_characters` WRITE;
/*!40000 ALTER TABLE `forlimb_characters` DISABLE KEYS */;
INSERT INTO `forlimb_characters` VALUES ('Acris_crepitans',NULL,NULL,NULL,NULL,NULL,NULL,NULL,NULL,NULL,NULL,NULL,NULL,NULL,NULL,NULL),('Aerugoamnis_paulus',NULL,4,4,NULL,NULL,NULL,NULL,NULL,NULL,NULL,NULL,NULL,NULL,NULL,NULL),('Ameerega_altamazonica',NULL,NULL,NULL,NULL,NULL,NULL,NULL,NULL,NULL,NULL,NULL,NULL,NULL,NULL,NULL),('Cardioglossa_elegans',4.2,3.1,3.3,2.2,1.1,1.2,1.2,1.3,'round','no','yes','no','no','no','yes'),('Dendropsophus_parviceps',4.2,3.1,3.3,2.2,1.1,1.2,1.2,1.3,'round','no','yes','no','no','no','yes'),('Gephyromantis_eiselti',NULL,NULL,NULL,NULL,NULL,NULL,NULL,NULL,NULL,NULL,NULL,NULL,NULL,NULL,NULL),('Gerrothorax_pulcherrimus',NULL,NULL,NULL,NULL,NULL,NULL,NULL,NULL,NULL,NULL,NULL,NULL,NULL,NULL,NULL),('Kassi_senegalensis',NULL,NULL,NULL,NULL,NULL,NULL,NULL,NULL,NULL,NULL,NULL,NULL,NULL,NULL,NULL),('Kurixalus_appendiculatus',NULL,NULL,NULL,NULL,NULL,NULL,NULL,NULL,NULL,NULL,NULL,NULL,NULL,NULL,NULL),('Odontophrynus_americanus',NULL,NULL,NULL,NULL,NULL,NULL,NULL,NULL,NULL,NULL,NULL,NULL,NULL,NULL,NULL),('Oreophryne_amiatoi',NULL,NULL,NULL,NULL,NULL,NULL,NULL,NULL,NULL,NULL,NULL,NULL,NULL,NULL,NULL);
/*!40000 ALTER TABLE `forlimb_characters` ENABLE KEYS */;
UNLOCK TABLES;

--
-- Table structure for table `habitat_preference`
--

DROP TABLE IF EXISTS `habitat_preference`;
/*!40101 SET @saved_cs_client     = @@character_set_client */;
/*!40101 SET character_set_client = utf8 */;
CREATE TABLE `habitat_preference` (
  `id` varchar(100) NOT NULL,
  `macro` varchar(45) DEFAULT NULL,
  `micro` varchar(45) DEFAULT NULL,
  PRIMARY KEY (`id`),
  CONSTRAINT `habitat_pre_taxa_fk` FOREIGN KEY (`id`) REFERENCES `taxonomic_identity` (`id`) ON DELETE CASCADE ON UPDATE CASCADE
) ENGINE=InnoDB DEFAULT CHARSET=utf8;
/*!40101 SET character_set_client = @saved_cs_client */;

--
-- Dumping data for table `habitat_preference`
--

LOCK TABLES `habitat_preference` WRITE;
/*!40000 ALTER TABLE `habitat_preference` DISABLE KEYS */;
INSERT INTO `habitat_preference` VALUES ('Acris_crepitans',NULL,NULL),('Aerugoamnis_paulus','Marsh/swamp',NULL),('Ameerega_altamazonica',NULL,NULL),('Cardioglossa_elegans','forest','litter'),('Dendropsophus_parviceps','savan','semi-arboreal'),('Gephyromantis_eiselti','forest',NULL),('Gerrothorax_pulcherrimus',NULL,'aquatic'),('Kassi_senegalensis','grassland','terrestrial'),('Kurixalus_appendiculatus',NULL,NULL),('Odontophrynus_americanus',NULL,NULL),('Oreophryne_amiatoi','forest',NULL);
/*!40000 ALTER TABLE `habitat_preference` ENABLE KEYS */;
UNLOCK TABLES;

--
-- Table structure for table `head_characters`
--

DROP TABLE IF EXISTS `head_characters`;
/*!40101 SET @saved_cs_client     = @@character_set_client */;
/*!40101 SET character_set_client = utf8 */;
CREATE TABLE `head_characters` (
  `id` varchar(100) NOT NULL,
  `head_length` float DEFAULT NULL,
  `head_width` float DEFAULT NULL,
  `snout_length` float DEFAULT NULL,
  `internarial_distance` float DEFAULT NULL,
  `nostril_to_snout_distance` float DEFAULT NULL,
  `eye_to_nostril` float DEFAULT NULL,
  `maximum_tympanum_diameter` float DEFAULT NULL,
  `eye_length` float DEFAULT NULL,
  `distance_between_front_of_eyes` float DEFAULT NULL,
  `distance_between_behind_of_eyes` float DEFAULT NULL,
  `interorbital_distance` float DEFAULT NULL,
  `snout_shape_lateral` varchar(45) DEFAULT NULL,
  `snout_shape_dorsal` varchar(45) DEFAULT NULL,
  `interorbital_shape` varchar(45) DEFAULT NULL,
  `pineal_oscilus` varchar(45) DEFAULT NULL,
  `loreal_region_shape` varchar(45) DEFAULT NULL,
  `canthus_rostralis` varchar(45) DEFAULT NULL,
  `nostril_shape` varchar(45) DEFAULT NULL,
  `tympanum_shape` varchar(45) DEFAULT NULL,
  PRIMARY KEY (`id`),
  CONSTRAINT `tax_head_char_fk` FOREIGN KEY (`id`) REFERENCES `taxonomic_identity` (`id`) ON DELETE CASCADE ON UPDATE CASCADE
) ENGINE=InnoDB DEFAULT CHARSET=utf8;
/*!40101 SET character_set_client = @saved_cs_client */;

--
-- Dumping data for table `head_characters`
--

LOCK TABLES `head_characters` WRITE;
/*!40000 ALTER TABLE `head_characters` DISABLE KEYS */;
INSERT INTO `head_characters` VALUES ('Acris_crepitans',NULL,NULL,NULL,NULL,NULL,NULL,NULL,NULL,NULL,NULL,NULL,NULL,NULL,NULL,NULL,NULL,NULL,NULL,NULL),('Aerugoamnis_paulus',6.6,7.8,NULL,NULL,NULL,NULL,NULL,NULL,NULL,NULL,NULL,NULL,NULL,NULL,NULL,NULL,NULL,NULL,NULL),('Ameerega_altamazonica',NULL,NULL,NULL,NULL,NULL,NULL,NULL,NULL,NULL,NULL,NULL,NULL,NULL,NULL,NULL,NULL,NULL,NULL,NULL),('Cardioglossa_elegans',6.6,3.4,2.4,1.2,1.6,2,2,1.8,1.7,1.6,1.9,'oval','round','round',NULL,'elongate','elongate','round','round'),('Dendropsophus_parviceps',5.3,2.2,2.1,1.2,1.6,2,2,1.8,1.7,1.6,1.9,'oval','oval','round',NULL,'elongate','round','elongate','oval'),('Gephyromantis_eiselti',NULL,NULL,NULL,NULL,NULL,NULL,NULL,NULL,NULL,NULL,NULL,NULL,NULL,NULL,NULL,NULL,NULL,NULL,NULL),('Gerrothorax_pulcherrimus',56,120,NULL,NULL,NULL,NULL,NULL,NULL,NULL,NULL,NULL,NULL,NULL,NULL,NULL,NULL,NULL,NULL,NULL),('Kassi_senegalensis',NULL,NULL,NULL,NULL,NULL,NULL,NULL,NULL,NULL,NULL,NULL,NULL,NULL,NULL,NULL,NULL,NULL,NULL,NULL),('Kurixalus_appendiculatus',NULL,NULL,NULL,NULL,NULL,NULL,NULL,NULL,NULL,NULL,NULL,NULL,NULL,NULL,NULL,NULL,NULL,NULL,NULL),('Odontophrynus_americanus',NULL,NULL,NULL,NULL,NULL,NULL,NULL,NULL,NULL,NULL,NULL,NULL,NULL,NULL,NULL,NULL,NULL,NULL,NULL),('Oreophryne_amiatoi',NULL,NULL,NULL,NULL,NULL,NULL,NULL,NULL,NULL,NULL,NULL,NULL,NULL,NULL,NULL,NULL,NULL,NULL,NULL);
/*!40000 ALTER TABLE `head_characters` ENABLE KEYS */;
UNLOCK TABLES;

--
-- Table structure for table `hindlimb_characters`
--

DROP TABLE IF EXISTS `hindlimb_characters`;
/*!40101 SET @saved_cs_client     = @@character_set_client */;
/*!40101 SET character_set_client = utf8 */;
CREATE TABLE `hindlimb_characters` (
  `id` varchar(100) NOT NULL,
  `femur_length_min` float DEFAULT NULL,
  `femur_length_max` float DEFAULT NULL,
  `tibia_shank_length` float DEFAULT NULL,
  `foot_length` float DEFAULT NULL,
  `total_foot_length` float DEFAULT NULL,
  `first_toe_length` float DEFAULT NULL,
  `second_toe_length` float DEFAULT NULL,
  `third_toe_length` float DEFAULT NULL,
  `fourth_toe_length` float DEFAULT NULL,
  `fifth_toe_length` float DEFAULT NULL,
  `webbing_on_toe` varchar(45) DEFAULT NULL,
  `dermal_fringe_along_toe` enum('yes','no') DEFAULT NULL,
  `lateral_dermal_fringe_on_toe` enum('yes','no') DEFAULT NULL,
  `supernumerary_tubercle_on_toes` enum('yes','no') DEFAULT NULL,
  `inner_metatarsal_tubercle` enum('yes','no') DEFAULT NULL,
  `outer_metatarsal_tubercle` enum('yes','no') DEFAULT NULL,
  PRIMARY KEY (`id`),
  CONSTRAINT `hindlim_taxa_fk` FOREIGN KEY (`id`) REFERENCES `taxonomic_identity` (`id`) ON DELETE CASCADE ON UPDATE CASCADE
) ENGINE=InnoDB DEFAULT CHARSET=utf8;
/*!40101 SET character_set_client = @saved_cs_client */;

--
-- Dumping data for table `hindlimb_characters`
--

LOCK TABLES `hindlimb_characters` WRITE;
/*!40000 ALTER TABLE `hindlimb_characters` DISABLE KEYS */;
INSERT INTO `hindlimb_characters` VALUES ('Acris_crepitans',NULL,NULL,NULL,NULL,NULL,NULL,NULL,NULL,NULL,NULL,NULL,NULL,NULL,NULL,NULL,NULL),('Aerugoamnis_paulus',8.1,8.1,NULL,NULL,NULL,NULL,NULL,NULL,NULL,NULL,NULL,NULL,NULL,NULL,NULL,NULL),('Ameerega_altamazonica',NULL,NULL,NULL,NULL,NULL,NULL,NULL,NULL,NULL,NULL,NULL,NULL,NULL,NULL,NULL,NULL),('Cardioglossa_elegans',5.2,5.4,3.4,3.9,4.1,1.2,1.3,1.5,1.6,1.7,'I1-2II1-2III1-2IV2-1V','yes','yes','no','no','yes'),('Dendropsophus_parviceps',5.2,5.4,3.4,3.9,4.1,1.2,1.3,1.5,1.6,1.7,'I1-2II1-2III1-2IV2-1V','yes','no','no','yes','yes'),('Gephyromantis_eiselti',NULL,NULL,NULL,NULL,NULL,NULL,NULL,NULL,NULL,NULL,NULL,NULL,NULL,NULL,NULL,NULL),('Gerrothorax_pulcherrimus',NULL,NULL,NULL,NULL,NULL,NULL,NULL,NULL,NULL,NULL,NULL,NULL,NULL,NULL,NULL,NULL),('Kassi_senegalensis',NULL,NULL,NULL,NULL,NULL,NULL,NULL,NULL,NULL,NULL,NULL,NULL,NULL,NULL,NULL,NULL),('Kurixalus_appendiculatus',NULL,NULL,NULL,NULL,NULL,NULL,NULL,NULL,NULL,NULL,NULL,NULL,NULL,NULL,NULL,NULL),('Odontophrynus_americanus',NULL,NULL,NULL,NULL,NULL,NULL,NULL,NULL,NULL,NULL,NULL,NULL,NULL,NULL,NULL,NULL),('Oreophryne_amiatoi',NULL,NULL,NULL,NULL,NULL,NULL,NULL,NULL,NULL,NULL,NULL,NULL,NULL,NULL,NULL,NULL);
/*!40000 ALTER TABLE `hindlimb_characters` ENABLE KEYS */;
UNLOCK TABLES;

--
-- Table structure for table `iucn_threat_status`
--

DROP TABLE IF EXISTS `iucn_threat_status`;
/*!40101 SET @saved_cs_client     = @@character_set_client */;
/*!40101 SET character_set_client = utf8 */;
CREATE TABLE `iucn_threat_status` (
  `id` varchar(100) NOT NULL,
  `threat_category` varchar(45) DEFAULT NULL,
  `population_decline` varchar(45) DEFAULT NULL,
  PRIMARY KEY (`id`),
  CONSTRAINT `iucn_taxa_fk` FOREIGN KEY (`id`) REFERENCES `taxonomic_identity` (`id`) ON DELETE CASCADE ON UPDATE CASCADE
) ENGINE=InnoDB DEFAULT CHARSET=utf8;
/*!40101 SET character_set_client = @saved_cs_client */;

--
-- Dumping data for table `iucn_threat_status`
--

LOCK TABLES `iucn_threat_status` WRITE;
/*!40000 ALTER TABLE `iucn_threat_status` DISABLE KEYS */;
INSERT INTO `iucn_threat_status` VALUES ('Acris_crepitans',NULL,NULL),('Aerugoamnis_paulus',NULL,NULL),('Ameerega_altamazonica',NULL,NULL),('Cardioglossa_elegans','least_concern',NULL),('Dendropsophus_parviceps','least_concern',NULL),('Gephyromantis_eiselti',NULL,NULL),('Gerrothorax_pulcherrimus',NULL,NULL),('Kassi_senegalensis',NULL,NULL),('Kurixalus_appendiculatus',NULL,NULL),('Odontophrynus_americanus',NULL,NULL),('Oreophryne_amiatoi',NULL,NULL);
/*!40000 ALTER TABLE `iucn_threat_status` ENABLE KEYS */;
UNLOCK TABLES;

--
-- Table structure for table `misc`
--

DROP TABLE IF EXISTS `misc`;
/*!40101 SET @saved_cs_client     = @@character_set_client */;
/*!40101 SET character_set_client = utf8 */;
CREATE TABLE `misc` (
  `id` varchar(100) NOT NULL,
  `daily_activity` enum('day','night','both') DEFAULT NULL,
  `reproductive_mode` varchar(45) DEFAULT NULL,
  `tadpole_habitat` varchar(45) DEFAULT NULL,
  `tadpole_feeding` varchar(45) DEFAULT NULL,
  `maternal_care` enum('yes','no') DEFAULT NULL,
  `maternal_care_details` varchar(150) DEFAULT NULL,
  `abundance` varchar(45) DEFAULT NULL,
  `stratigraphic_range` float DEFAULT NULL,
  `f_environment_type` varchar(45) DEFAULT NULL,
  `diet` varchar(45) DEFAULT NULL,
  `climate` varchar(45) DEFAULT NULL,
  `holotype` varchar(45) DEFAULT NULL,
  PRIMARY KEY (`id`),
  CONSTRAINT `misc_taxa_fk` FOREIGN KEY (`id`) REFERENCES `taxonomic_identity` (`id`) ON DELETE CASCADE ON UPDATE CASCADE
) ENGINE=InnoDB DEFAULT CHARSET=utf8;
/*!40101 SET character_set_client = @saved_cs_client */;

--
-- Dumping data for table `misc`
--

LOCK TABLES `misc` WRITE;
/*!40000 ALTER TABLE `misc` DISABLE KEYS */;
INSERT INTO `misc` VALUES ('Acris_crepitans',NULL,NULL,NULL,NULL,NULL,NULL,NULL,NULL,NULL,NULL,NULL,'whole individual'),('Aerugoamnis_paulus',NULL,NULL,NULL,NULL,NULL,NULL,'rare',1,'floodplain',NULL,NULL,'articulated skeleton'),('Ameerega_altamazonica','day',NULL,NULL,NULL,NULL,NULL,NULL,NULL,NULL,NULL,NULL,'whole individual'),('Cardioglossa_elegans','night','exotrophic tadpoles','Lentic','Suctorial','no',NULL,'frequent',1,NULL,'insectivor',NULL,'whole individual'),('Dendropsophus_parviceps','night','ovoviviparous','Lotic','suspension feeder','no',NULL,'rare',1,NULL,'insectivor',NULL,'whole individual'),('Gephyromantis_eiselti','day',NULL,NULL,NULL,NULL,NULL,NULL,NULL,NULL,NULL,NULL,NULL),('Gerrothorax_pulcherrimus',NULL,NULL,NULL,NULL,NULL,NULL,'frequent',34,'floodplain','carnivore',NULL,'skull'),('Kassi_senegalensis','night',NULL,NULL,NULL,NULL,NULL,NULL,NULL,NULL,NULL,NULL,NULL),('Kurixalus_appendiculatus',NULL,NULL,NULL,NULL,NULL,NULL,NULL,NULL,NULL,NULL,NULL,'whole individual'),('Odontophrynus_americanus','night',NULL,NULL,NULL,NULL,NULL,NULL,NULL,NULL,NULL,NULL,NULL),('Oreophryne_amiatoi','night',NULL,NULL,NULL,NULL,NULL,NULL,NULL,NULL,NULL,NULL,NULL);
/*!40000 ALTER TABLE `misc` ENABLE KEYS */;
UNLOCK TABLES;

--
-- Table structure for table `taxonomic_identity`
--

DROP TABLE IF EXISTS `taxonomic_identity`;
/*!40101 SET @saved_cs_client     = @@character_set_client */;
/*!40101 SET character_set_client = utf8 */;
CREATE TABLE `taxonomic_identity` (
  `id` varchar(100) NOT NULL,
  `Order` varchar(100) DEFAULT NULL,
  `Family` varchar(100) DEFAULT NULL,
  `Genus` varchar(100) DEFAULT NULL,
  `Species` varchar(100) DEFAULT NULL,
  `Tax_authority` varchar(100) DEFAULT NULL,
  `imageurl` varchar(250) DEFAULT NULL,
  PRIMARY KEY (`id`)
) ENGINE=InnoDB DEFAULT CHARSET=utf8;
/*!40101 SET character_set_client = @saved_cs_client */;

--
-- Dumping data for table `taxonomic_identity`
--

LOCK TABLES `taxonomic_identity` WRITE;
/*!40000 ALTER TABLE `taxonomic_identity` DISABLE KEYS */;
INSERT INTO `taxonomic_identity` VALUES ('Acris_crepitans','Anura','Hylidae','Acris','crepitans','Baired, 1854','http://ak2.picdn.net/shutterstock/videos/2389643/preview/stock-footage-short-headed-treefrog-dendropsophus-parviceps-male-calling-above-a-rainforest-pond.jpg'),('Aerugoamnis_paulus','Anura','Anomocoela','Aerugoamnis','paulus','Henrici, Bez & Grande, 2013','http://bvi.rusf.ru/taksa/i0062/0062616.jpg'),('Ameerega_altamazonica','Anura','Dendrobatidae','Ameerega','altamazonica','Twomey & Brown, 2008','http://upload.wikimedia.org/wikipedia/commons/4/41/Gerrothorax_BW.jpg'),('Cardioglossa_elegans','Anura','Arthroleptidae','Cardioglossa','elegans','Boulenger, 1906','http://www.virginiaherpetologicalsociety.com/amphibians/frogsandtoads/eastern-cricket-frog/Acris%20crepitans2%20Pittsylvania%20Co.jpg'),('Dendropsophus_parviceps','Anura','Hylidae','Dendropsophus','parviceps','Boulenger, 1882','http://blogs.scientificamerican.com/tetrapod-zoology/files/2014/12/Henrici-et-al-2013-Aerugoamnis-350-px-tiny-Dec-2014-Tetrapod-Zoology.jpg'),('Gephyromantis_eiselti','Anura','Mantellidae','Gephyromantis','eiselti','Guib, 1975','http://www.herpnation.com/wp-content/uploads/2013/09/Kurixalus-appendiculatus.jpg'),('Gerrothorax_pulcherrimus','Temnospondyli','Plagiosauridae','Gerrothorax','pulcherrimus','Fraas, 1913','http://www.understoryenterprises.com/images/slider/Ameerega-altamazonica-juicungo1.gif'),('Kassi_senegalensis','Anura','Hyperoliidae','Kassi','senegalensis','Dumril & Bibron 1841',NULL),('Kurixalus_appendiculatus','Anura','Rhacophoridae','Kurixalus','appendiculatus','Gnther, 1858','http://calphotos.berkeley.edu/imgs/512x768/1111_1111/1111/8104.jpeg'),('Odontophrynus_americanus','Anura','Odontophrynidae','Odontophrynus','americanus','Dumril & Bibron 1841',NULL),('Oreophryne_amiatoi','Anura','Microhylidae','Oreophryne','amiatoi','Kraus & Allison, 2009','http://upload.wikimedia.org/wikipedia/commons/0/0b/Odontophrynus_americanus.jpg');
/*!40000 ALTER TABLE `taxonomic_identity` ENABLE KEYS */;
UNLOCK TABLES;

--
-- Table structure for table `user_tracking`
--

DROP TABLE IF EXISTS `user_tracking`;
/*!40101 SET @saved_cs_client     = @@character_set_client */;
/*!40101 SET character_set_client = utf8 */;
CREATE TABLE `user_tracking` (
  `id` int(11) NOT NULL AUTO_INCREMENT,
  `userid` varchar(45) NOT NULL,
  `action` varchar(45) DEFAULT NULL,
  `time` timestamp NULL DEFAULT CURRENT_TIMESTAMP,
  `taxon_identity_id` varchar(45) DEFAULT NULL,
  `bodysize_id` varchar(45) DEFAULT NULL,
  `distribution_id` varchar(45) DEFAULT NULL,
  `colouration_id` varchar(45) DEFAULT NULL,
  `head_char_id` varchar(45) DEFAULT NULL,
  `egg_char_id` varchar(45) DEFAULT NULL,
  `call_parameters_id` varchar(45) DEFAULT NULL,
  `calling_behaviour_id` varchar(45) DEFAULT NULL,
  `forlimb_char_id` varchar(45) DEFAULT NULL,
  `habitat_preference_id` varchar(45) DEFAULT NULL,
  `hindlimb_characters_id` varchar(45) DEFAULT NULL,
  `iucn_threat_status_id` varchar(45) DEFAULT NULL,
  `misc_id` varchar(45) DEFAULT NULL,
  `vocal_sac_tympanum_id` varchar(45) DEFAULT NULL,
  PRIMARY KEY (`id`,`userid`),
  UNIQUE KEY `id_UNIQUE` (`id`),
  KEY `userFK_idx` (`userid`),
  CONSTRAINT `userFK` FOREIGN KEY (`userid`) REFERENCES `users` (`UserName`) ON DELETE CASCADE ON UPDATE CASCADE
) ENGINE=InnoDB AUTO_INCREMENT=639 DEFAULT CHARSET=utf8;
/*!40101 SET character_set_client = @saved_cs_client */;

--
-- Dumping data for table `user_tracking`
--

LOCK TABLES `user_tracking` WRITE;
/*!40000 ALTER TABLE `user_tracking` DISABLE KEYS */;
INSERT INTO `user_tracking` VALUES (1,'admin','INSERT','2015-03-20 12:05:51','Cardioglossa_elegans',NULL,NULL,NULL,NULL,NULL,NULL,NULL,NULL,NULL,NULL,NULL,NULL,NULL),(2,'admin','INSERT','2015-03-20 12:05:52',NULL,NULL,'Cardioglossa_elegans',NULL,NULL,NULL,NULL,NULL,NULL,NULL,NULL,NULL,NULL,NULL),(3,'admin','INSERT','2015-03-20 12:05:52',NULL,'Cardioglossa_elegans',NULL,NULL,NULL,NULL,NULL,NULL,NULL,NULL,NULL,NULL,NULL,NULL),(4,'admin','INSERT','2015-03-20 12:05:52',NULL,NULL,NULL,NULL,'Cardioglossa_elegans',NULL,NULL,NULL,NULL,NULL,NULL,NULL,NULL,NULL),(5,'admin','INSERT','2015-03-20 12:05:53',NULL,NULL,NULL,NULL,NULL,NULL,NULL,NULL,'Cardioglossa_elegans',NULL,NULL,NULL,NULL,NULL),(6,'admin','INSERT','2015-03-20 12:05:53',NULL,NULL,NULL,NULL,NULL,NULL,NULL,NULL,NULL,NULL,'Cardioglossa_elegans',NULL,NULL,NULL),(7,'admin','INSERT','2015-03-20 12:05:54',NULL,NULL,NULL,NULL,NULL,NULL,NULL,NULL,NULL,NULL,NULL,NULL,NULL,'Cardioglossa_elegans'),(8,'admin','INSERT','2015-03-20 12:05:54',NULL,NULL,NULL,NULL,NULL,NULL,NULL,NULL,NULL,'Cardioglossa_elegans',NULL,NULL,NULL,NULL),(9,'admin','INSERT','2015-03-20 12:05:54',NULL,NULL,NULL,NULL,NULL,'Cardioglossa_elegans',NULL,NULL,NULL,NULL,NULL,NULL,NULL,NULL),(10,'admin','INSERT','2015-03-20 12:05:55',NULL,NULL,NULL,NULL,NULL,NULL,NULL,NULL,NULL,NULL,NULL,'Cardioglossa_elegans',NULL,NULL),(11,'admin','INSERT','2015-03-20 12:05:55',NULL,NULL,NULL,'Cardioglossa_elegans',NULL,NULL,NULL,NULL,NULL,NULL,NULL,NULL,NULL,NULL),(12,'admin','INSERT','2015-03-20 12:05:56',NULL,NULL,NULL,NULL,NULL,NULL,'Cardioglossa_elegans',NULL,NULL,NULL,NULL,NULL,NULL,NULL),(13,'admin','INSERT','2015-03-20 12:05:56',NULL,NULL,NULL,NULL,NULL,NULL,NULL,'Cardioglossa_elegans',NULL,NULL,NULL,NULL,NULL,NULL),(14,'admin','INSERT','2015-03-20 12:05:56',NULL,NULL,NULL,NULL,NULL,NULL,NULL,NULL,NULL,NULL,NULL,NULL,'Cardioglossa_elegans',NULL),(15,'admin','INSERT','2015-03-20 12:05:57','Dendropsophus_parviceps',NULL,NULL,NULL,NULL,NULL,NULL,NULL,NULL,NULL,NULL,NULL,NULL,NULL),(16,'admin','INSERT','2015-03-20 12:05:57',NULL,NULL,'Dendropsophus_parviceps',NULL,NULL,NULL,NULL,NULL,NULL,NULL,NULL,NULL,NULL,NULL),(17,'admin','INSERT','2015-03-20 12:05:58',NULL,'Dendropsophus_parviceps',NULL,NULL,NULL,NULL,NULL,NULL,NULL,NULL,NULL,NULL,NULL,NULL),(18,'admin','INSERT','2015-03-20 12:05:58',NULL,NULL,NULL,NULL,'Dendropsophus_parviceps',NULL,NULL,NULL,NULL,NULL,NULL,NULL,NULL,NULL),(19,'admin','INSERT','2015-03-20 12:05:59',NULL,NULL,NULL,NULL,NULL,NULL,NULL,NULL,'Dendropsophus_parviceps',NULL,NULL,NULL,NULL,NULL),(20,'admin','INSERT','2015-03-20 12:05:59',NULL,NULL,NULL,NULL,NULL,NULL,NULL,NULL,NULL,NULL,'Dendropsophus_parviceps',NULL,NULL,NULL),(21,'admin','INSERT','2015-03-20 12:06:00',NULL,NULL,NULL,NULL,NULL,NULL,NULL,NULL,NULL,NULL,NULL,NULL,NULL,'Dendropsophus_parviceps'),(22,'admin','INSERT','2015-03-20 12:06:00',NULL,NULL,NULL,NULL,NULL,NULL,NULL,NULL,NULL,'Dendropsophus_parviceps',NULL,NULL,NULL,NULL),(23,'admin','INSERT','2015-03-20 12:06:00',NULL,NULL,NULL,NULL,NULL,'Dendropsophus_parviceps',NULL,NULL,NULL,NULL,NULL,NULL,NULL,NULL),(24,'admin','INSERT','2015-03-20 12:06:01',NULL,NULL,NULL,NULL,NULL,NULL,NULL,NULL,NULL,NULL,NULL,'Dendropsophus_parviceps',NULL,NULL),(25,'admin','INSERT','2015-03-20 12:06:01',NULL,NULL,NULL,'Dendropsophus_parviceps',NULL,NULL,NULL,NULL,NULL,NULL,NULL,NULL,NULL,NULL),(26,'admin','INSERT','2015-03-20 12:06:02',NULL,NULL,NULL,NULL,NULL,NULL,'Dendropsophus_parviceps',NULL,NULL,NULL,NULL,NULL,NULL,NULL),(27,'admin','INSERT','2015-03-20 12:06:02',NULL,NULL,NULL,NULL,NULL,NULL,NULL,'Dendropsophus_parviceps',NULL,NULL,NULL,NULL,NULL,NULL),(28,'admin','INSERT','2015-03-20 12:06:03',NULL,NULL,NULL,NULL,NULL,NULL,NULL,NULL,NULL,NULL,NULL,NULL,'Dendropsophus_parviceps',NULL),(29,'admin','INSERT','2015-03-20 12:06:03','Gerrothorax_pulcherrimus',NULL,NULL,NULL,NULL,NULL,NULL,NULL,NULL,NULL,NULL,NULL,NULL,NULL),(30,'admin','INSERT','2015-03-20 12:06:03',NULL,NULL,'Gerrothorax_pulcherrimus',NULL,NULL,NULL,NULL,NULL,NULL,NULL,NULL,NULL,NULL,NULL),(31,'admin','INSERT','2015-03-20 12:06:04',NULL,'Gerrothorax_pulcherrimus',NULL,NULL,NULL,NULL,NULL,NULL,NULL,NULL,NULL,NULL,NULL,NULL),(32,'admin','INSERT','2015-03-20 12:06:04',NULL,NULL,NULL,NULL,'Gerrothorax_pulcherrimus',NULL,NULL,NULL,NULL,NULL,NULL,NULL,NULL,NULL),(33,'admin','INSERT','2015-03-20 12:06:05',NULL,NULL,NULL,NULL,NULL,NULL,NULL,NULL,'Gerrothorax_pulcherrimus',NULL,NULL,NULL,NULL,NULL),(34,'admin','INSERT','2015-03-20 12:06:05',NULL,NULL,NULL,NULL,NULL,NULL,NULL,NULL,NULL,NULL,'Gerrothorax_pulcherrimus',NULL,NULL,NULL),(35,'admin','INSERT','2015-03-20 12:06:05',NULL,NULL,NULL,NULL,NULL,NULL,NULL,NULL,NULL,NULL,NULL,NULL,NULL,'Gerrothorax_pulcherrimus'),(36,'admin','INSERT','2015-03-20 12:06:06',NULL,NULL,NULL,NULL,NULL,NULL,NULL,NULL,NULL,'Gerrothorax_pulcherrimus',NULL,NULL,NULL,NULL),(37,'admin','INSERT','2015-03-20 12:06:06',NULL,NULL,NULL,NULL,NULL,'Gerrothorax_pulcherrimus',NULL,NULL,NULL,NULL,NULL,NULL,NULL,NULL),(38,'admin','INSERT','2015-03-20 12:06:06',NULL,NULL,NULL,NULL,NULL,NULL,NULL,NULL,NULL,NULL,NULL,'Gerrothorax_pulcherrimus',NULL,NULL),(39,'admin','INSERT','2015-03-20 12:06:07',NULL,NULL,NULL,'Gerrothorax_pulcherrimus',NULL,NULL,NULL,NULL,NULL,NULL,NULL,NULL,NULL,NULL),(40,'admin','INSERT','2015-03-20 12:06:07',NULL,NULL,NULL,NULL,NULL,NULL,'Gerrothorax_pulcherrimus',NULL,NULL,NULL,NULL,NULL,NULL,NULL),(41,'admin','INSERT','2015-03-20 12:06:07',NULL,NULL,NULL,NULL,NULL,NULL,NULL,'Gerrothorax_pulcherrimus',NULL,NULL,NULL,NULL,NULL,NULL),(42,'admin','INSERT','2015-03-20 12:06:08',NULL,NULL,NULL,NULL,NULL,NULL,NULL,NULL,NULL,NULL,NULL,NULL,'Gerrothorax_pulcherrimus',NULL),(43,'admin','INSERT','2015-03-20 12:06:08','Aerugoamnis_paulus',NULL,NULL,NULL,NULL,NULL,NULL,NULL,NULL,NULL,NULL,NULL,NULL,NULL),(44,'admin','INSERT','2015-03-20 12:06:09',NULL,NULL,'Aerugoamnis_paulus',NULL,NULL,NULL,NULL,NULL,NULL,NULL,NULL,NULL,NULL,NULL),(45,'admin','INSERT','2015-03-20 12:06:09',NULL,'Aerugoamnis_paulus',NULL,NULL,NULL,NULL,NULL,NULL,NULL,NULL,NULL,NULL,NULL,NULL),(46,'admin','INSERT','2015-03-20 12:06:10',NULL,NULL,NULL,NULL,'Aerugoamnis_paulus',NULL,NULL,NULL,NULL,NULL,NULL,NULL,NULL,NULL),(47,'admin','INSERT','2015-03-20 12:06:10',NULL,NULL,NULL,NULL,NULL,NULL,NULL,NULL,'Aerugoamnis_paulus',NULL,NULL,NULL,NULL,NULL),(48,'admin','INSERT','2015-03-20 12:06:11',NULL,NULL,NULL,NULL,NULL,NULL,NULL,NULL,NULL,NULL,'Aerugoamnis_paulus',NULL,NULL,NULL),(49,'admin','INSERT','2015-03-20 12:06:11',NULL,NULL,NULL,NULL,NULL,NULL,NULL,NULL,NULL,NULL,NULL,NULL,NULL,'Aerugoamnis_paulus'),(50,'admin','INSERT','2015-03-20 12:06:12',NULL,NULL,NULL,NULL,NULL,NULL,NULL,NULL,NULL,'Aerugoamnis_paulus',NULL,NULL,NULL,NULL),(51,'admin','INSERT','2015-03-20 12:06:12',NULL,NULL,NULL,NULL,NULL,'Aerugoamnis_paulus',NULL,NULL,NULL,NULL,NULL,NULL,NULL,NULL),(52,'admin','INSERT','2015-03-20 12:06:13',NULL,NULL,NULL,NULL,NULL,NULL,NULL,NULL,NULL,NULL,NULL,'Aerugoamnis_paulus',NULL,NULL),(53,'admin','INSERT','2015-03-20 12:06:13',NULL,NULL,NULL,'Aerugoamnis_paulus',NULL,NULL,NULL,NULL,NULL,NULL,NULL,NULL,NULL,NULL),(54,'admin','INSERT','2015-03-20 12:06:13',NULL,NULL,NULL,NULL,NULL,NULL,'Aerugoamnis_paulus',NULL,NULL,NULL,NULL,NULL,NULL,NULL),(55,'admin','INSERT','2015-03-20 12:06:14',NULL,NULL,NULL,NULL,NULL,NULL,NULL,'Aerugoamnis_paulus',NULL,NULL,NULL,NULL,NULL,NULL),(56,'admin','INSERT','2015-03-20 12:06:14',NULL,NULL,NULL,NULL,NULL,NULL,NULL,NULL,NULL,NULL,NULL,NULL,'Aerugoamnis_paulus',NULL),(57,'admin','INSERT','2015-03-20 12:06:15','Acris_crepitans',NULL,NULL,NULL,NULL,NULL,NULL,NULL,NULL,NULL,NULL,NULL,NULL,NULL),(58,'admin','INSERT','2015-03-20 12:06:15',NULL,NULL,'Acris_crepitans',NULL,NULL,NULL,NULL,NULL,NULL,NULL,NULL,NULL,NULL,NULL),(59,'admin','INSERT','2015-03-20 12:06:15',NULL,'Acris_crepitans',NULL,NULL,NULL,NULL,NULL,NULL,NULL,NULL,NULL,NULL,NULL,NULL),(60,'admin','INSERT','2015-03-20 12:06:16',NULL,NULL,NULL,NULL,'Acris_crepitans',NULL,NULL,NULL,NULL,NULL,NULL,NULL,NULL,NULL),(61,'admin','INSERT','2015-03-20 12:06:16',NULL,NULL,NULL,NULL,NULL,NULL,NULL,NULL,'Acris_crepitans',NULL,NULL,NULL,NULL,NULL),(62,'admin','INSERT','2015-03-20 12:06:16',NULL,NULL,NULL,NULL,NULL,NULL,NULL,NULL,NULL,NULL,'Acris_crepitans',NULL,NULL,NULL),(63,'admin','INSERT','2015-03-20 12:06:17',NULL,NULL,NULL,NULL,NULL,NULL,NULL,NULL,NULL,NULL,NULL,NULL,NULL,'Acris_crepitans'),(64,'admin','INSERT','2015-03-20 12:06:17',NULL,NULL,NULL,NULL,NULL,NULL,NULL,NULL,NULL,'Acris_crepitans',NULL,NULL,NULL,NULL),(65,'admin','INSERT','2015-03-20 12:06:17',NULL,NULL,NULL,NULL,NULL,'Acris_crepitans',NULL,NULL,NULL,NULL,NULL,NULL,NULL,NULL),(66,'admin','INSERT','2015-03-20 12:06:18',NULL,NULL,NULL,NULL,NULL,NULL,NULL,NULL,NULL,NULL,NULL,'Acris_crepitans',NULL,NULL),(67,'admin','INSERT','2015-03-20 12:06:18',NULL,NULL,NULL,'Acris_crepitans',NULL,NULL,NULL,NULL,NULL,NULL,NULL,NULL,NULL,NULL),(68,'admin','INSERT','2015-03-20 12:06:19',NULL,NULL,NULL,NULL,NULL,NULL,'Acris_crepitans',NULL,NULL,NULL,NULL,NULL,NULL,NULL),(69,'admin','INSERT','2015-03-20 12:06:19',NULL,NULL,NULL,NULL,NULL,NULL,NULL,'Acris_crepitans',NULL,NULL,NULL,NULL,NULL,NULL),(70,'admin','INSERT','2015-03-20 12:06:19',NULL,NULL,NULL,NULL,NULL,NULL,NULL,NULL,NULL,NULL,NULL,NULL,'Acris_crepitans',NULL),(71,'admin','INSERT','2015-03-20 12:06:20','Kurixalus_appendiculatus',NULL,NULL,NULL,NULL,NULL,NULL,NULL,NULL,NULL,NULL,NULL,NULL,NULL),(72,'admin','INSERT','2015-03-20 12:06:20',NULL,NULL,'Kurixalus_appendiculatus',NULL,NULL,NULL,NULL,NULL,NULL,NULL,NULL,NULL,NULL,NULL),(73,'admin','INSERT','2015-03-20 12:06:21',NULL,'Kurixalus_appendiculatus',NULL,NULL,NULL,NULL,NULL,NULL,NULL,NULL,NULL,NULL,NULL,NULL),(74,'admin','INSERT','2015-03-20 12:06:21',NULL,NULL,NULL,NULL,'Kurixalus_appendiculatus',NULL,NULL,NULL,NULL,NULL,NULL,NULL,NULL,NULL),(75,'admin','INSERT','2015-03-20 12:06:22',NULL,NULL,NULL,NULL,NULL,NULL,NULL,NULL,'Kurixalus_appendiculatus',NULL,NULL,NULL,NULL,NULL),(76,'admin','INSERT','2015-03-20 12:06:22',NULL,NULL,NULL,NULL,NULL,NULL,NULL,NULL,NULL,NULL,'Kurixalus_appendiculatus',NULL,NULL,NULL),(77,'admin','INSERT','2015-03-20 12:06:22',NULL,NULL,NULL,NULL,NULL,NULL,NULL,NULL,NULL,NULL,NULL,NULL,NULL,'Kurixalus_appendiculatus'),(78,'admin','INSERT','2015-03-20 12:06:23',NULL,NULL,NULL,NULL,NULL,NULL,NULL,NULL,NULL,'Kurixalus_appendiculatus',NULL,NULL,NULL,NULL),(79,'admin','INSERT','2015-03-20 12:06:23',NULL,NULL,NULL,NULL,NULL,'Kurixalus_appendiculatus',NULL,NULL,NULL,NULL,NULL,NULL,NULL,NULL),(80,'admin','INSERT','2015-03-20 12:06:23',NULL,NULL,NULL,NULL,NULL,NULL,NULL,NULL,NULL,NULL,NULL,'Kurixalus_appendiculatus',NULL,NULL),(81,'admin','INSERT','2015-03-20 12:06:24',NULL,NULL,NULL,'Kurixalus_appendiculatus',NULL,NULL,NULL,NULL,NULL,NULL,NULL,NULL,NULL,NULL),(82,'admin','INSERT','2015-03-20 12:06:24',NULL,NULL,NULL,NULL,NULL,NULL,'Kurixalus_appendiculatus',NULL,NULL,NULL,NULL,NULL,NULL,NULL),(83,'admin','INSERT','2015-03-20 12:06:24',NULL,NULL,NULL,NULL,NULL,NULL,NULL,'Kurixalus_appendiculatus',NULL,NULL,NULL,NULL,NULL,NULL),(84,'admin','INSERT','2015-03-20 12:06:25',NULL,NULL,NULL,NULL,NULL,NULL,NULL,NULL,NULL,NULL,NULL,NULL,'Kurixalus_appendiculatus',NULL),(85,'admin','INSERT','2015-03-20 12:06:25','Ameerega_altamazonica',NULL,NULL,NULL,NULL,NULL,NULL,NULL,NULL,NULL,NULL,NULL,NULL,NULL),(86,'admin','INSERT','2015-03-20 12:06:26',NULL,NULL,'Ameerega_altamazonica',NULL,NULL,NULL,NULL,NULL,NULL,NULL,NULL,NULL,NULL,NULL),(87,'admin','INSERT','2015-03-20 12:06:26',NULL,'Ameerega_altamazonica',NULL,NULL,NULL,NULL,NULL,NULL,NULL,NULL,NULL,NULL,NULL,NULL),(88,'admin','INSERT','2015-03-20 12:06:26',NULL,NULL,NULL,NULL,'Ameerega_altamazonica',NULL,NULL,NULL,NULL,NULL,NULL,NULL,NULL,NULL),(89,'admin','INSERT','2015-03-20 12:06:27',NULL,NULL,NULL,NULL,NULL,NULL,NULL,NULL,'Ameerega_altamazonica',NULL,NULL,NULL,NULL,NULL),(90,'admin','INSERT','2015-03-20 12:06:27',NULL,NULL,NULL,NULL,NULL,NULL,NULL,NULL,NULL,NULL,'Ameerega_altamazonica',NULL,NULL,NULL),(91,'admin','INSERT','2015-03-20 12:06:27',NULL,NULL,NULL,NULL,NULL,NULL,NULL,NULL,NULL,NULL,NULL,NULL,NULL,'Ameerega_altamazonica'),(92,'admin','INSERT','2015-03-20 12:06:28',NULL,NULL,NULL,NULL,NULL,NULL,NULL,NULL,NULL,'Ameerega_altamazonica',NULL,NULL,NULL,NULL),(93,'admin','INSERT','2015-03-20 12:06:28',NULL,NULL,NULL,NULL,NULL,'Ameerega_altamazonica',NULL,NULL,NULL,NULL,NULL,NULL,NULL,NULL),(94,'admin','INSERT','2015-03-20 12:06:29',NULL,NULL,NULL,NULL,NULL,NULL,NULL,NULL,NULL,NULL,NULL,'Ameerega_altamazonica',NULL,NULL),(95,'admin','INSERT','2015-03-20 12:06:29',NULL,NULL,NULL,'Ameerega_altamazonica',NULL,NULL,NULL,NULL,NULL,NULL,NULL,NULL,NULL,NULL),(96,'admin','INSERT','2015-03-20 12:06:30',NULL,NULL,NULL,NULL,NULL,NULL,'Ameerega_altamazonica',NULL,NULL,NULL,NULL,NULL,NULL,NULL),(97,'admin','INSERT','2015-03-20 12:06:30',NULL,NULL,NULL,NULL,NULL,NULL,NULL,'Ameerega_altamazonica',NULL,NULL,NULL,NULL,NULL,NULL),(98,'admin','INSERT','2015-03-20 12:06:31',NULL,NULL,NULL,NULL,NULL,NULL,NULL,NULL,NULL,NULL,NULL,NULL,'Ameerega_altamazonica',NULL),(99,'admin','INSERT','2015-03-20 12:06:31','Odontophrynus_americanus',NULL,NULL,NULL,NULL,NULL,NULL,NULL,NULL,NULL,NULL,NULL,NULL,NULL),(100,'admin','INSERT','2015-03-20 12:06:32',NULL,NULL,'Odontophrynus_americanus',NULL,NULL,NULL,NULL,NULL,NULL,NULL,NULL,NULL,NULL,NULL),(101,'admin','INSERT','2015-03-20 12:06:32',NULL,'Odontophrynus_americanus',NULL,NULL,NULL,NULL,NULL,NULL,NULL,NULL,NULL,NULL,NULL,NULL),(102,'admin','INSERT','2015-03-20 12:06:33',NULL,NULL,NULL,NULL,'Odontophrynus_americanus',NULL,NULL,NULL,NULL,NULL,NULL,NULL,NULL,NULL),(103,'admin','INSERT','2015-03-20 12:06:33',NULL,NULL,NULL,NULL,NULL,NULL,NULL,NULL,'Odontophrynus_americanus',NULL,NULL,NULL,NULL,NULL),(104,'admin','INSERT','2015-03-20 12:06:33',NULL,NULL,NULL,NULL,NULL,NULL,NULL,NULL,NULL,NULL,'Odontophrynus_americanus',NULL,NULL,NULL),(105,'admin','INSERT','2015-03-20 12:06:34',NULL,NULL,NULL,NULL,NULL,NULL,NULL,NULL,NULL,NULL,NULL,NULL,NULL,'Odontophrynus_americanus'),(106,'admin','INSERT','2015-03-20 12:06:34',NULL,NULL,NULL,NULL,NULL,NULL,NULL,NULL,NULL,'Odontophrynus_americanus',NULL,NULL,NULL,NULL),(107,'admin','INSERT','2015-03-20 12:06:35',NULL,NULL,NULL,NULL,NULL,'Odontophrynus_americanus',NULL,NULL,NULL,NULL,NULL,NULL,NULL,NULL),(108,'admin','INSERT','2015-03-20 12:06:35',NULL,NULL,NULL,NULL,NULL,NULL,NULL,NULL,NULL,NULL,NULL,'Odontophrynus_americanus',NULL,NULL),(109,'admin','INSERT','2015-03-20 12:06:35',NULL,NULL,NULL,'Odontophrynus_americanus',NULL,NULL,NULL,NULL,NULL,NULL,NULL,NULL,NULL,NULL),(110,'admin','INSERT','2015-03-20 12:06:36',NULL,NULL,NULL,NULL,NULL,NULL,'Odontophrynus_americanus',NULL,NULL,NULL,NULL,NULL,NULL,NULL),(111,'admin','INSERT','2015-03-20 12:06:36',NULL,NULL,NULL,NULL,NULL,NULL,NULL,'Odontophrynus_americanus',NULL,NULL,NULL,NULL,NULL,NULL),(112,'admin','INSERT','2015-03-20 12:06:37',NULL,NULL,NULL,NULL,NULL,NULL,NULL,NULL,NULL,NULL,NULL,NULL,'Odontophrynus_americanus',NULL),(113,'admin','INSERT','2015-03-20 12:06:37','Gephyromantis_eiselti',NULL,NULL,NULL,NULL,NULL,NULL,NULL,NULL,NULL,NULL,NULL,NULL,NULL),(114,'admin','INSERT','2015-03-20 12:06:38',NULL,NULL,'Gephyromantis_eiselti',NULL,NULL,NULL,NULL,NULL,NULL,NULL,NULL,NULL,NULL,NULL),(115,'admin','INSERT','2015-03-20 12:06:38',NULL,'Gephyromantis_eiselti',NULL,NULL,NULL,NULL,NULL,NULL,NULL,NULL,NULL,NULL,NULL,NULL),(116,'admin','INSERT','2015-03-20 12:06:38',NULL,NULL,NULL,NULL,'Gephyromantis_eiselti',NULL,NULL,NULL,NULL,NULL,NULL,NULL,NULL,NULL),(117,'admin','INSERT','2015-03-20 12:06:39',NULL,NULL,NULL,NULL,NULL,NULL,NULL,NULL,'Gephyromantis_eiselti',NULL,NULL,NULL,NULL,NULL),(118,'admin','INSERT','2015-03-20 12:06:39',NULL,NULL,NULL,NULL,NULL,NULL,NULL,NULL,NULL,NULL,'Gephyromantis_eiselti',NULL,NULL,NULL),(119,'admin','INSERT','2015-03-20 12:06:40',NULL,NULL,NULL,NULL,NULL,NULL,NULL,NULL,NULL,NULL,NULL,NULL,NULL,'Gephyromantis_eiselti'),(120,'admin','INSERT','2015-03-20 12:06:40',NULL,NULL,NULL,NULL,NULL,NULL,NULL,NULL,NULL,'Gephyromantis_eiselti',NULL,NULL,NULL,NULL),(121,'admin','INSERT','2015-03-20 12:06:41',NULL,NULL,NULL,NULL,NULL,'Gephyromantis_eiselti',NULL,NULL,NULL,NULL,NULL,NULL,NULL,NULL),(122,'admin','INSERT','2015-03-20 12:06:42',NULL,NULL,NULL,NULL,NULL,NULL,NULL,NULL,NULL,NULL,NULL,'Gephyromantis_eiselti',NULL,NULL),(123,'admin','INSERT','2015-03-20 12:06:43',NULL,NULL,NULL,'Gephyromantis_eiselti',NULL,NULL,NULL,NULL,NULL,NULL,NULL,NULL,NULL,NULL),(124,'admin','INSERT','2015-03-20 12:06:45',NULL,NULL,NULL,NULL,NULL,NULL,'Gephyromantis_eiselti',NULL,NULL,NULL,NULL,NULL,NULL,NULL),(125,'admin','INSERT','2015-03-20 12:06:46',NULL,NULL,NULL,NULL,NULL,NULL,NULL,'Gephyromantis_eiselti',NULL,NULL,NULL,NULL,NULL,NULL),(126,'admin','INSERT','2015-03-20 12:06:46',NULL,NULL,NULL,NULL,NULL,NULL,NULL,NULL,NULL,NULL,NULL,NULL,'Gephyromantis_eiselti',NULL),(127,'admin','INSERT','2015-03-20 12:06:47','Oreophryne_amiatoi',NULL,NULL,NULL,NULL,NULL,NULL,NULL,NULL,NULL,NULL,NULL,NULL,NULL),(128,'admin','INSERT','2015-03-20 12:06:47',NULL,NULL,'Oreophryne_amiatoi',NULL,NULL,NULL,NULL,NULL,NULL,NULL,NULL,NULL,NULL,NULL),(129,'admin','INSERT','2015-03-20 12:06:47',NULL,'Oreophryne_amiatoi',NULL,NULL,NULL,NULL,NULL,NULL,NULL,NULL,NULL,NULL,NULL,NULL),(130,'admin','INSERT','2015-03-20 12:06:48',NULL,NULL,NULL,NULL,'Oreophryne_amiatoi',NULL,NULL,NULL,NULL,NULL,NULL,NULL,NULL,NULL),(131,'admin','INSERT','2015-03-20 12:06:48',NULL,NULL,NULL,NULL,NULL,NULL,NULL,NULL,'Oreophryne_amiatoi',NULL,NULL,NULL,NULL,NULL),(132,'admin','INSERT','2015-03-20 12:06:48',NULL,NULL,NULL,NULL,NULL,NULL,NULL,NULL,NULL,NULL,'Oreophryne_amiatoi',NULL,NULL,NULL),(133,'admin','INSERT','2015-03-20 12:06:49',NULL,NULL,NULL,NULL,NULL,NULL,NULL,NULL,NULL,NULL,NULL,NULL,NULL,'Oreophryne_amiatoi'),(134,'admin','INSERT','2015-03-20 12:06:49',NULL,NULL,NULL,NULL,NULL,NULL,NULL,NULL,NULL,'Oreophryne_amiatoi',NULL,NULL,NULL,NULL),(135,'admin','INSERT','2015-03-20 12:06:49',NULL,NULL,NULL,NULL,NULL,'Oreophryne_amiatoi',NULL,NULL,NULL,NULL,NULL,NULL,NULL,NULL),(136,'admin','INSERT','2015-03-20 12:06:50',NULL,NULL,NULL,NULL,NULL,NULL,NULL,NULL,NULL,NULL,NULL,'Oreophryne_amiatoi',NULL,NULL),(137,'admin','INSERT','2015-03-20 12:06:50',NULL,NULL,NULL,'Oreophryne_amiatoi',NULL,NULL,NULL,NULL,NULL,NULL,NULL,NULL,NULL,NULL),(138,'admin','INSERT','2015-03-20 12:06:51',NULL,NULL,NULL,NULL,NULL,NULL,'Oreophryne_amiatoi',NULL,NULL,NULL,NULL,NULL,NULL,NULL),(139,'admin','INSERT','2015-03-20 12:06:51',NULL,NULL,NULL,NULL,NULL,NULL,NULL,'Oreophryne_amiatoi',NULL,NULL,NULL,NULL,NULL,NULL),(140,'admin','INSERT','2015-03-20 12:06:52',NULL,NULL,NULL,NULL,NULL,NULL,NULL,NULL,NULL,NULL,NULL,NULL,'Oreophryne_amiatoi',NULL),(141,'admin','INSERT','2015-03-20 12:06:52','Kassi_senegalensis',NULL,NULL,NULL,NULL,NULL,NULL,NULL,NULL,NULL,NULL,NULL,NULL,NULL),(142,'admin','INSERT','2015-03-20 12:06:52',NULL,NULL,'Kassi_senegalensis',NULL,NULL,NULL,NULL,NULL,NULL,NULL,NULL,NULL,NULL,NULL),(143,'admin','INSERT','2015-03-20 12:06:53',NULL,'Kassi_senegalensis',NULL,NULL,NULL,NULL,NULL,NULL,NULL,NULL,NULL,NULL,NULL,NULL),(144,'admin','INSERT','2015-03-20 12:06:53',NULL,NULL,NULL,NULL,'Kassi_senegalensis',NULL,NULL,NULL,NULL,NULL,NULL,NULL,NULL,NULL),(145,'admin','INSERT','2015-03-20 12:06:53',NULL,NULL,NULL,NULL,NULL,NULL,NULL,NULL,'Kassi_senegalensis',NULL,NULL,NULL,NULL,NULL),(146,'admin','INSERT','2015-03-20 12:06:54',NULL,NULL,NULL,NULL,NULL,NULL,NULL,NULL,NULL,NULL,'Kassi_senegalensis',NULL,NULL,NULL),(147,'admin','INSERT','2015-03-20 12:06:54',NULL,NULL,NULL,NULL,NULL,NULL,NULL,NULL,NULL,NULL,NULL,NULL,NULL,'Kassi_senegalensis'),(148,'admin','INSERT','2015-03-20 12:06:54',NULL,NULL,NULL,NULL,NULL,NULL,NULL,NULL,NULL,'Kassi_senegalensis',NULL,NULL,NULL,NULL),(149,'admin','INSERT','2015-03-20 12:06:55',NULL,NULL,NULL,NULL,NULL,'Kassi_senegalensis',NULL,NULL,NULL,NULL,NULL,NULL,NULL,NULL),(150,'admin','INSERT','2015-03-20 12:06:55',NULL,NULL,NULL,NULL,NULL,NULL,NULL,NULL,NULL,NULL,NULL,'Kassi_senegalensis',NULL,NULL),(151,'admin','INSERT','2015-03-20 12:06:56',NULL,NULL,NULL,'Kassi_senegalensis',NULL,NULL,NULL,NULL,NULL,NULL,NULL,NULL,NULL,NULL),(152,'admin','INSERT','2015-03-20 12:06:56',NULL,NULL,NULL,NULL,NULL,NULL,'Kassi_senegalensis',NULL,NULL,NULL,NULL,NULL,NULL,NULL),(153,'admin','INSERT','2015-03-20 12:06:57',NULL,NULL,NULL,NULL,NULL,NULL,NULL,'Kassi_senegalensis',NULL,NULL,NULL,NULL,NULL,NULL),(154,'admin','INSERT','2015-03-20 12:06:57',NULL,NULL,NULL,NULL,NULL,NULL,NULL,NULL,NULL,NULL,NULL,NULL,'Kassi_senegalensis',NULL),(155,'admin','DELETE','2015-03-20 12:07:18','Acris_crepitans',NULL,NULL,NULL,NULL,NULL,NULL,NULL,NULL,NULL,NULL,NULL,NULL,NULL),(156,'admin','DELETE','2015-03-20 12:07:18','Aerugoamnis_paulus',NULL,NULL,NULL,NULL,NULL,NULL,NULL,NULL,NULL,NULL,NULL,NULL,NULL),(157,'admin','DELETE','2015-03-20 12:07:19','Ameerega_altamazonica',NULL,NULL,NULL,NULL,NULL,NULL,NULL,NULL,NULL,NULL,NULL,NULL,NULL),(158,'admin','DELETE','2015-03-20 12:07:19','Cardioglossa_elegans',NULL,NULL,NULL,NULL,NULL,NULL,NULL,NULL,NULL,NULL,NULL,NULL,NULL),(159,'admin','DELETE','2015-03-20 12:07:19','Dendropsophus_parviceps',NULL,NULL,NULL,NULL,NULL,NULL,NULL,NULL,NULL,NULL,NULL,NULL,NULL),(160,'admin','DELETE','2015-03-20 12:07:20','Gephyromantis_eiselti',NULL,NULL,NULL,NULL,NULL,NULL,NULL,NULL,NULL,NULL,NULL,NULL,NULL),(161,'admin','DELETE','2015-03-20 12:07:20','Gerrothorax_pulcherrimus',NULL,NULL,NULL,NULL,NULL,NULL,NULL,NULL,NULL,NULL,NULL,NULL,NULL),(162,'admin','DELETE','2015-03-20 12:07:20','Kassi_senegalensis',NULL,NULL,NULL,NULL,NULL,NULL,NULL,NULL,NULL,NULL,NULL,NULL,NULL),(163,'admin','DELETE','2015-03-20 12:07:20','Kurixalus_appendiculatus',NULL,NULL,NULL,NULL,NULL,NULL,NULL,NULL,NULL,NULL,NULL,NULL,NULL),(164,'admin','DELETE','2015-03-20 12:07:21','Odontophrynus_americanus',NULL,NULL,NULL,NULL,NULL,NULL,NULL,NULL,NULL,NULL,NULL,NULL,NULL),(165,'admin','DELETE','2015-03-20 12:07:21','Oreophryne_amiatoi',NULL,NULL,NULL,NULL,NULL,NULL,NULL,NULL,NULL,NULL,NULL,NULL,NULL),(166,'hatem','INSERT','2015-03-20 12:08:31','Cardioglossa_elegans',NULL,NULL,NULL,NULL,NULL,NULL,NULL,NULL,NULL,NULL,NULL,NULL,NULL),(167,'hatem','INSERT','2015-03-20 12:08:31',NULL,NULL,'Cardioglossa_elegans',NULL,NULL,NULL,NULL,NULL,NULL,NULL,NULL,NULL,NULL,NULL),(168,'hatem','INSERT','2015-03-20 12:08:32',NULL,'Cardioglossa_elegans',NULL,NULL,NULL,NULL,NULL,NULL,NULL,NULL,NULL,NULL,NULL,NULL),(169,'hatem','INSERT','2015-03-20 12:08:32',NULL,NULL,NULL,NULL,'Cardioglossa_elegans',NULL,NULL,NULL,NULL,NULL,NULL,NULL,NULL,NULL),(170,'hatem','INSERT','2015-03-20 12:08:32',NULL,NULL,NULL,NULL,NULL,NULL,NULL,NULL,'Cardioglossa_elegans',NULL,NULL,NULL,NULL,NULL),(171,'hatem','INSERT','2015-03-20 12:08:33',NULL,NULL,NULL,NULL,NULL,NULL,NULL,NULL,NULL,NULL,'Cardioglossa_elegans',NULL,NULL,NULL),(172,'hatem','INSERT','2015-03-20 12:08:33',NULL,NULL,NULL,NULL,NULL,NULL,NULL,NULL,NULL,NULL,NULL,NULL,NULL,'Cardioglossa_elegans'),(173,'hatem','INSERT','2015-03-20 12:08:34',NULL,NULL,NULL,NULL,NULL,NULL,NULL,NULL,NULL,'Cardioglossa_elegans',NULL,NULL,NULL,NULL),(174,'hatem','INSERT','2015-03-20 12:08:34',NULL,NULL,NULL,NULL,NULL,'Cardioglossa_elegans',NULL,NULL,NULL,NULL,NULL,NULL,NULL,NULL),(175,'hatem','INSERT','2015-03-20 12:08:34',NULL,NULL,NULL,NULL,NULL,NULL,NULL,NULL,NULL,NULL,NULL,'Cardioglossa_elegans',NULL,NULL),(176,'hatem','INSERT','2015-03-20 12:08:35',NULL,NULL,NULL,'Cardioglossa_elegans',NULL,NULL,NULL,NULL,NULL,NULL,NULL,NULL,NULL,NULL),(177,'hatem','INSERT','2015-03-20 12:08:35',NULL,NULL,NULL,NULL,NULL,NULL,'Cardioglossa_elegans',NULL,NULL,NULL,NULL,NULL,NULL,NULL),(178,'hatem','INSERT','2015-03-20 12:08:35',NULL,NULL,NULL,NULL,NULL,NULL,NULL,'Cardioglossa_elegans',NULL,NULL,NULL,NULL,NULL,NULL),(179,'hatem','INSERT','2015-03-20 12:08:36',NULL,NULL,NULL,NULL,NULL,NULL,NULL,NULL,NULL,NULL,NULL,NULL,'Cardioglossa_elegans',NULL),(180,'hatem','INSERT','2015-03-20 12:08:36','Dendropsophus_parviceps',NULL,NULL,NULL,NULL,NULL,NULL,NULL,NULL,NULL,NULL,NULL,NULL,NULL),(181,'hatem','INSERT','2015-03-20 12:08:36',NULL,NULL,'Dendropsophus_parviceps',NULL,NULL,NULL,NULL,NULL,NULL,NULL,NULL,NULL,NULL,NULL),(182,'hatem','INSERT','2015-03-20 12:08:37',NULL,'Dendropsophus_parviceps',NULL,NULL,NULL,NULL,NULL,NULL,NULL,NULL,NULL,NULL,NULL,NULL),(183,'hatem','INSERT','2015-03-20 12:08:38',NULL,NULL,NULL,NULL,'Dendropsophus_parviceps',NULL,NULL,NULL,NULL,NULL,NULL,NULL,NULL,NULL),(184,'hatem','INSERT','2015-03-20 12:08:39',NULL,NULL,NULL,NULL,NULL,NULL,NULL,NULL,'Dendropsophus_parviceps',NULL,NULL,NULL,NULL,NULL),(185,'hatem','INSERT','2015-03-20 12:08:39',NULL,NULL,NULL,NULL,NULL,NULL,NULL,NULL,NULL,NULL,'Dendropsophus_parviceps',NULL,NULL,NULL),(186,'hatem','INSERT','2015-03-20 12:08:39',NULL,NULL,NULL,NULL,NULL,NULL,NULL,NULL,NULL,NULL,NULL,NULL,NULL,'Dendropsophus_parviceps'),(187,'hatem','INSERT','2015-03-20 12:08:40',NULL,NULL,NULL,NULL,NULL,NULL,NULL,NULL,NULL,'Dendropsophus_parviceps',NULL,NULL,NULL,NULL),(188,'hatem','INSERT','2015-03-20 12:08:40',NULL,NULL,NULL,NULL,NULL,'Dendropsophus_parviceps',NULL,NULL,NULL,NULL,NULL,NULL,NULL,NULL),(189,'hatem','INSERT','2015-03-20 12:08:41',NULL,NULL,NULL,NULL,NULL,NULL,NULL,NULL,NULL,NULL,NULL,'Dendropsophus_parviceps',NULL,NULL),(190,'hatem','INSERT','2015-03-20 12:08:41',NULL,NULL,NULL,'Dendropsophus_parviceps',NULL,NULL,NULL,NULL,NULL,NULL,NULL,NULL,NULL,NULL),(191,'hatem','INSERT','2015-03-20 12:08:41',NULL,NULL,NULL,NULL,NULL,NULL,'Dendropsophus_parviceps',NULL,NULL,NULL,NULL,NULL,NULL,NULL),(192,'hatem','INSERT','2015-03-20 12:08:42',NULL,NULL,NULL,NULL,NULL,NULL,NULL,'Dendropsophus_parviceps',NULL,NULL,NULL,NULL,NULL,NULL),(193,'hatem','INSERT','2015-03-20 12:08:42',NULL,NULL,NULL,NULL,NULL,NULL,NULL,NULL,NULL,NULL,NULL,NULL,'Dendropsophus_parviceps',NULL),(194,'hatem','INSERT','2015-03-20 12:08:42','Gerrothorax_pulcherrimus',NULL,NULL,NULL,NULL,NULL,NULL,NULL,NULL,NULL,NULL,NULL,NULL,NULL),(195,'hatem','INSERT','2015-03-20 12:08:42',NULL,NULL,'Gerrothorax_pulcherrimus',NULL,NULL,NULL,NULL,NULL,NULL,NULL,NULL,NULL,NULL,NULL),(196,'hatem','INSERT','2015-03-20 12:08:43',NULL,'Gerrothorax_pulcherrimus',NULL,NULL,NULL,NULL,NULL,NULL,NULL,NULL,NULL,NULL,NULL,NULL),(197,'hatem','INSERT','2015-03-20 12:08:43',NULL,NULL,NULL,NULL,'Gerrothorax_pulcherrimus',NULL,NULL,NULL,NULL,NULL,NULL,NULL,NULL,NULL),(198,'hatem','INSERT','2015-03-20 12:08:44',NULL,NULL,NULL,NULL,NULL,NULL,NULL,NULL,'Gerrothorax_pulcherrimus',NULL,NULL,NULL,NULL,NULL),(199,'hatem','INSERT','2015-03-20 12:08:44',NULL,NULL,NULL,NULL,NULL,NULL,NULL,NULL,NULL,NULL,'Gerrothorax_pulcherrimus',NULL,NULL,NULL),(200,'hatem','INSERT','2015-03-20 12:08:44',NULL,NULL,NULL,NULL,NULL,NULL,NULL,NULL,NULL,NULL,NULL,NULL,NULL,'Gerrothorax_pulcherrimus'),(201,'hatem','INSERT','2015-03-20 12:08:44',NULL,NULL,NULL,NULL,NULL,NULL,NULL,NULL,NULL,'Gerrothorax_pulcherrimus',NULL,NULL,NULL,NULL),(202,'hatem','INSERT','2015-03-20 12:08:45',NULL,NULL,NULL,NULL,NULL,'Gerrothorax_pulcherrimus',NULL,NULL,NULL,NULL,NULL,NULL,NULL,NULL),(203,'hatem','INSERT','2015-03-20 12:08:45',NULL,NULL,NULL,NULL,NULL,NULL,NULL,NULL,NULL,NULL,NULL,'Gerrothorax_pulcherrimus',NULL,NULL),(204,'hatem','INSERT','2015-03-20 12:08:46',NULL,NULL,NULL,'Gerrothorax_pulcherrimus',NULL,NULL,NULL,NULL,NULL,NULL,NULL,NULL,NULL,NULL),(205,'hatem','INSERT','2015-03-20 12:08:46',NULL,NULL,NULL,NULL,NULL,NULL,'Gerrothorax_pulcherrimus',NULL,NULL,NULL,NULL,NULL,NULL,NULL),(206,'hatem','INSERT','2015-03-20 12:08:46',NULL,NULL,NULL,NULL,NULL,NULL,NULL,'Gerrothorax_pulcherrimus',NULL,NULL,NULL,NULL,NULL,NULL),(207,'hatem','INSERT','2015-03-20 12:08:47',NULL,NULL,NULL,NULL,NULL,NULL,NULL,NULL,NULL,NULL,NULL,NULL,'Gerrothorax_pulcherrimus',NULL),(208,'hatem','INSERT','2015-03-20 12:08:47','Aerugoamnis_paulus',NULL,NULL,NULL,NULL,NULL,NULL,NULL,NULL,NULL,NULL,NULL,NULL,NULL),(209,'hatem','INSERT','2015-03-20 12:08:47',NULL,NULL,'Aerugoamnis_paulus',NULL,NULL,NULL,NULL,NULL,NULL,NULL,NULL,NULL,NULL,NULL),(210,'hatem','INSERT','2015-03-20 12:08:48',NULL,'Aerugoamnis_paulus',NULL,NULL,NULL,NULL,NULL,NULL,NULL,NULL,NULL,NULL,NULL,NULL),(211,'hatem','INSERT','2015-03-20 12:08:48',NULL,NULL,NULL,NULL,'Aerugoamnis_paulus',NULL,NULL,NULL,NULL,NULL,NULL,NULL,NULL,NULL),(212,'hatem','INSERT','2015-03-20 12:08:49',NULL,NULL,NULL,NULL,NULL,NULL,NULL,NULL,'Aerugoamnis_paulus',NULL,NULL,NULL,NULL,NULL),(213,'hatem','INSERT','2015-03-20 12:08:49',NULL,NULL,NULL,NULL,NULL,NULL,NULL,NULL,NULL,NULL,'Aerugoamnis_paulus',NULL,NULL,NULL),(214,'hatem','INSERT','2015-03-20 12:08:49',NULL,NULL,NULL,NULL,NULL,NULL,NULL,NULL,NULL,NULL,NULL,NULL,NULL,'Aerugoamnis_paulus'),(215,'hatem','INSERT','2015-03-20 12:08:50',NULL,NULL,NULL,NULL,NULL,NULL,NULL,NULL,NULL,'Aerugoamnis_paulus',NULL,NULL,NULL,NULL),(216,'hatem','INSERT','2015-03-20 12:08:50',NULL,NULL,NULL,NULL,NULL,'Aerugoamnis_paulus',NULL,NULL,NULL,NULL,NULL,NULL,NULL,NULL),(217,'hatem','INSERT','2015-03-20 12:08:50',NULL,NULL,NULL,NULL,NULL,NULL,NULL,NULL,NULL,NULL,NULL,'Aerugoamnis_paulus',NULL,NULL),(218,'hatem','INSERT','2015-03-20 12:08:51',NULL,NULL,NULL,'Aerugoamnis_paulus',NULL,NULL,NULL,NULL,NULL,NULL,NULL,NULL,NULL,NULL),(219,'hatem','INSERT','2015-03-20 12:08:51',NULL,NULL,NULL,NULL,NULL,NULL,'Aerugoamnis_paulus',NULL,NULL,NULL,NULL,NULL,NULL,NULL),(220,'hatem','INSERT','2015-03-20 12:08:51',NULL,NULL,NULL,NULL,NULL,NULL,NULL,'Aerugoamnis_paulus',NULL,NULL,NULL,NULL,NULL,NULL),(221,'hatem','INSERT','2015-03-20 12:08:52',NULL,NULL,NULL,NULL,NULL,NULL,NULL,NULL,NULL,NULL,NULL,NULL,'Aerugoamnis_paulus',NULL),(222,'hatem','INSERT','2015-03-20 12:08:52','Acris_crepitans',NULL,NULL,NULL,NULL,NULL,NULL,NULL,NULL,NULL,NULL,NULL,NULL,NULL),(223,'hatem','INSERT','2015-03-20 12:08:53',NULL,NULL,'Acris_crepitans',NULL,NULL,NULL,NULL,NULL,NULL,NULL,NULL,NULL,NULL,NULL),(224,'hatem','INSERT','2015-03-20 12:08:53',NULL,'Acris_crepitans',NULL,NULL,NULL,NULL,NULL,NULL,NULL,NULL,NULL,NULL,NULL,NULL),(225,'hatem','INSERT','2015-03-20 12:08:54',NULL,NULL,NULL,NULL,'Acris_crepitans',NULL,NULL,NULL,NULL,NULL,NULL,NULL,NULL,NULL),(226,'hatem','INSERT','2015-03-20 12:08:54',NULL,NULL,NULL,NULL,NULL,NULL,NULL,NULL,'Acris_crepitans',NULL,NULL,NULL,NULL,NULL),(227,'hatem','INSERT','2015-03-20 12:08:55',NULL,NULL,NULL,NULL,NULL,NULL,NULL,NULL,NULL,NULL,'Acris_crepitans',NULL,NULL,NULL),(228,'hatem','INSERT','2015-03-20 12:08:55',NULL,NULL,NULL,NULL,NULL,NULL,NULL,NULL,NULL,NULL,NULL,NULL,NULL,'Acris_crepitans'),(229,'hatem','INSERT','2015-03-20 12:08:56',NULL,NULL,NULL,NULL,NULL,NULL,NULL,NULL,NULL,'Acris_crepitans',NULL,NULL,NULL,NULL),(230,'hatem','INSERT','2015-03-20 12:08:56',NULL,NULL,NULL,NULL,NULL,'Acris_crepitans',NULL,NULL,NULL,NULL,NULL,NULL,NULL,NULL),(231,'hatem','INSERT','2015-03-20 12:08:56',NULL,NULL,NULL,NULL,NULL,NULL,NULL,NULL,NULL,NULL,NULL,'Acris_crepitans',NULL,NULL),(232,'hatem','INSERT','2015-03-20 12:08:57',NULL,NULL,NULL,'Acris_crepitans',NULL,NULL,NULL,NULL,NULL,NULL,NULL,NULL,NULL,NULL),(233,'hatem','INSERT','2015-03-20 12:08:57',NULL,NULL,NULL,NULL,NULL,NULL,'Acris_crepitans',NULL,NULL,NULL,NULL,NULL,NULL,NULL),(234,'hatem','INSERT','2015-03-20 12:08:58',NULL,NULL,NULL,NULL,NULL,NULL,NULL,'Acris_crepitans',NULL,NULL,NULL,NULL,NULL,NULL),(235,'hatem','INSERT','2015-03-20 12:08:58',NULL,NULL,NULL,NULL,NULL,NULL,NULL,NULL,NULL,NULL,NULL,NULL,'Acris_crepitans',NULL),(236,'hatem','INSERT','2015-03-20 12:08:58','Kurixalus_appendiculatus',NULL,NULL,NULL,NULL,NULL,NULL,NULL,NULL,NULL,NULL,NULL,NULL,NULL),(237,'hatem','INSERT','2015-03-20 12:08:58',NULL,NULL,'Kurixalus_appendiculatus',NULL,NULL,NULL,NULL,NULL,NULL,NULL,NULL,NULL,NULL,NULL),(238,'hatem','INSERT','2015-03-20 12:08:59',NULL,'Kurixalus_appendiculatus',NULL,NULL,NULL,NULL,NULL,NULL,NULL,NULL,NULL,NULL,NULL,NULL),(239,'hatem','INSERT','2015-03-20 12:08:59',NULL,NULL,NULL,NULL,'Kurixalus_appendiculatus',NULL,NULL,NULL,NULL,NULL,NULL,NULL,NULL,NULL),(240,'hatem','INSERT','2015-03-20 12:08:59',NULL,NULL,NULL,NULL,NULL,NULL,NULL,NULL,'Kurixalus_appendiculatus',NULL,NULL,NULL,NULL,NULL),(241,'hatem','INSERT','2015-03-20 12:09:00',NULL,NULL,NULL,NULL,NULL,NULL,NULL,NULL,NULL,NULL,'Kurixalus_appendiculatus',NULL,NULL,NULL),(242,'hatem','INSERT','2015-03-20 12:09:00',NULL,NULL,NULL,NULL,NULL,NULL,NULL,NULL,NULL,NULL,NULL,NULL,NULL,'Kurixalus_appendiculatus'),(243,'hatem','INSERT','2015-03-20 12:09:00',NULL,NULL,NULL,NULL,NULL,NULL,NULL,NULL,NULL,'Kurixalus_appendiculatus',NULL,NULL,NULL,NULL),(244,'hatem','INSERT','2015-03-20 12:09:01',NULL,NULL,NULL,NULL,NULL,'Kurixalus_appendiculatus',NULL,NULL,NULL,NULL,NULL,NULL,NULL,NULL),(245,'hatem','INSERT','2015-03-20 12:09:01',NULL,NULL,NULL,NULL,NULL,NULL,NULL,NULL,NULL,NULL,NULL,'Kurixalus_appendiculatus',NULL,NULL),(246,'hatem','INSERT','2015-03-20 12:09:02',NULL,NULL,NULL,'Kurixalus_appendiculatus',NULL,NULL,NULL,NULL,NULL,NULL,NULL,NULL,NULL,NULL),(247,'hatem','INSERT','2015-03-20 12:09:02',NULL,NULL,NULL,NULL,NULL,NULL,'Kurixalus_appendiculatus',NULL,NULL,NULL,NULL,NULL,NULL,NULL),(248,'hatem','INSERT','2015-03-20 12:09:02',NULL,NULL,NULL,NULL,NULL,NULL,NULL,'Kurixalus_appendiculatus',NULL,NULL,NULL,NULL,NULL,NULL),(249,'hatem','INSERT','2015-03-20 12:09:03',NULL,NULL,NULL,NULL,NULL,NULL,NULL,NULL,NULL,NULL,NULL,NULL,'Kurixalus_appendiculatus',NULL),(250,'hatem','INSERT','2015-03-20 12:09:03','Ameerega_altamazonica',NULL,NULL,NULL,NULL,NULL,NULL,NULL,NULL,NULL,NULL,NULL,NULL,NULL),(251,'hatem','INSERT','2015-03-20 12:09:03',NULL,NULL,'Ameerega_altamazonica',NULL,NULL,NULL,NULL,NULL,NULL,NULL,NULL,NULL,NULL,NULL),(252,'hatem','INSERT','2015-03-20 12:09:04',NULL,'Ameerega_altamazonica',NULL,NULL,NULL,NULL,NULL,NULL,NULL,NULL,NULL,NULL,NULL,NULL),(253,'hatem','INSERT','2015-03-20 12:09:04',NULL,NULL,NULL,NULL,'Ameerega_altamazonica',NULL,NULL,NULL,NULL,NULL,NULL,NULL,NULL,NULL),(254,'hatem','INSERT','2015-03-20 12:09:04',NULL,NULL,NULL,NULL,NULL,NULL,NULL,NULL,'Ameerega_altamazonica',NULL,NULL,NULL,NULL,NULL),(255,'hatem','INSERT','2015-03-20 12:09:05',NULL,NULL,NULL,NULL,NULL,NULL,NULL,NULL,NULL,NULL,'Ameerega_altamazonica',NULL,NULL,NULL),(256,'hatem','INSERT','2015-03-20 12:09:05',NULL,NULL,NULL,NULL,NULL,NULL,NULL,NULL,NULL,NULL,NULL,NULL,NULL,'Ameerega_altamazonica'),(257,'hatem','INSERT','2015-03-20 12:09:05',NULL,NULL,NULL,NULL,NULL,NULL,NULL,NULL,NULL,'Ameerega_altamazonica',NULL,NULL,NULL,NULL),(258,'hatem','INSERT','2015-03-20 12:09:06',NULL,NULL,NULL,NULL,NULL,'Ameerega_altamazonica',NULL,NULL,NULL,NULL,NULL,NULL,NULL,NULL),(259,'hatem','INSERT','2015-03-20 12:09:06',NULL,NULL,NULL,NULL,NULL,NULL,NULL,NULL,NULL,NULL,NULL,'Ameerega_altamazonica',NULL,NULL),(260,'hatem','INSERT','2015-03-20 12:09:06',NULL,NULL,NULL,'Ameerega_altamazonica',NULL,NULL,NULL,NULL,NULL,NULL,NULL,NULL,NULL,NULL),(261,'hatem','INSERT','2015-03-20 12:09:07',NULL,NULL,NULL,NULL,NULL,NULL,'Ameerega_altamazonica',NULL,NULL,NULL,NULL,NULL,NULL,NULL),(262,'hatem','INSERT','2015-03-20 12:09:07',NULL,NULL,NULL,NULL,NULL,NULL,NULL,'Ameerega_altamazonica',NULL,NULL,NULL,NULL,NULL,NULL),(263,'hatem','INSERT','2015-03-20 12:09:07',NULL,NULL,NULL,NULL,NULL,NULL,NULL,NULL,NULL,NULL,NULL,NULL,'Ameerega_altamazonica',NULL),(264,'hatem','INSERT','2015-03-20 12:09:07','Odontophrynus_americanus',NULL,NULL,NULL,NULL,NULL,NULL,NULL,NULL,NULL,NULL,NULL,NULL,NULL),(265,'hatem','INSERT','2015-03-20 12:09:08',NULL,NULL,'Odontophrynus_americanus',NULL,NULL,NULL,NULL,NULL,NULL,NULL,NULL,NULL,NULL,NULL),(266,'hatem','INSERT','2015-03-20 12:09:08',NULL,'Odontophrynus_americanus',NULL,NULL,NULL,NULL,NULL,NULL,NULL,NULL,NULL,NULL,NULL,NULL),(267,'hatem','INSERT','2015-03-20 12:09:09',NULL,NULL,NULL,NULL,'Odontophrynus_americanus',NULL,NULL,NULL,NULL,NULL,NULL,NULL,NULL,NULL),(268,'hatem','INSERT','2015-03-20 12:09:09',NULL,NULL,NULL,NULL,NULL,NULL,NULL,NULL,'Odontophrynus_americanus',NULL,NULL,NULL,NULL,NULL),(269,'hatem','INSERT','2015-03-20 12:09:09',NULL,NULL,NULL,NULL,NULL,NULL,NULL,NULL,NULL,NULL,'Odontophrynus_americanus',NULL,NULL,NULL),(270,'hatem','INSERT','2015-03-20 12:09:10',NULL,NULL,NULL,NULL,NULL,NULL,NULL,NULL,NULL,NULL,NULL,NULL,NULL,'Odontophrynus_americanus'),(271,'hatem','INSERT','2015-03-20 12:09:10',NULL,NULL,NULL,NULL,NULL,NULL,NULL,NULL,NULL,'Odontophrynus_americanus',NULL,NULL,NULL,NULL),(272,'hatem','INSERT','2015-03-20 12:09:11',NULL,NULL,NULL,NULL,NULL,'Odontophrynus_americanus',NULL,NULL,NULL,NULL,NULL,NULL,NULL,NULL),(273,'hatem','INSERT','2015-03-20 12:09:11',NULL,NULL,NULL,NULL,NULL,NULL,NULL,NULL,NULL,NULL,NULL,'Odontophrynus_americanus',NULL,NULL),(274,'hatem','INSERT','2015-03-20 12:09:12',NULL,NULL,NULL,'Odontophrynus_americanus',NULL,NULL,NULL,NULL,NULL,NULL,NULL,NULL,NULL,NULL),(275,'hatem','INSERT','2015-03-20 12:09:12',NULL,NULL,NULL,NULL,NULL,NULL,'Odontophrynus_americanus',NULL,NULL,NULL,NULL,NULL,NULL,NULL),(276,'hatem','INSERT','2015-03-20 12:09:12',NULL,NULL,NULL,NULL,NULL,NULL,NULL,'Odontophrynus_americanus',NULL,NULL,NULL,NULL,NULL,NULL),(277,'hatem','INSERT','2015-03-20 12:09:13',NULL,NULL,NULL,NULL,NULL,NULL,NULL,NULL,NULL,NULL,NULL,NULL,'Odontophrynus_americanus',NULL),(278,'hatem','INSERT','2015-03-20 12:09:13','Gephyromantis_eiselti',NULL,NULL,NULL,NULL,NULL,NULL,NULL,NULL,NULL,NULL,NULL,NULL,NULL),(279,'hatem','INSERT','2015-03-20 12:09:13',NULL,NULL,'Gephyromantis_eiselti',NULL,NULL,NULL,NULL,NULL,NULL,NULL,NULL,NULL,NULL,NULL),(280,'hatem','INSERT','2015-03-20 12:09:13',NULL,'Gephyromantis_eiselti',NULL,NULL,NULL,NULL,NULL,NULL,NULL,NULL,NULL,NULL,NULL,NULL),(281,'hatem','INSERT','2015-03-20 12:09:14',NULL,NULL,NULL,NULL,'Gephyromantis_eiselti',NULL,NULL,NULL,NULL,NULL,NULL,NULL,NULL,NULL),(282,'hatem','INSERT','2015-03-20 12:09:14',NULL,NULL,NULL,NULL,NULL,NULL,NULL,NULL,'Gephyromantis_eiselti',NULL,NULL,NULL,NULL,NULL),(283,'hatem','INSERT','2015-03-20 12:09:14',NULL,NULL,NULL,NULL,NULL,NULL,NULL,NULL,NULL,NULL,'Gephyromantis_eiselti',NULL,NULL,NULL),(284,'hatem','INSERT','2015-03-20 12:09:15',NULL,NULL,NULL,NULL,NULL,NULL,NULL,NULL,NULL,NULL,NULL,NULL,NULL,'Gephyromantis_eiselti'),(285,'hatem','INSERT','2015-03-20 12:09:15',NULL,NULL,NULL,NULL,NULL,NULL,NULL,NULL,NULL,'Gephyromantis_eiselti',NULL,NULL,NULL,NULL),(286,'hatem','INSERT','2015-03-20 12:09:15',NULL,NULL,NULL,NULL,NULL,'Gephyromantis_eiselti',NULL,NULL,NULL,NULL,NULL,NULL,NULL,NULL),(287,'hatem','INSERT','2015-03-20 12:09:16',NULL,NULL,NULL,NULL,NULL,NULL,NULL,NULL,NULL,NULL,NULL,'Gephyromantis_eiselti',NULL,NULL),(288,'hatem','INSERT','2015-03-20 12:09:16',NULL,NULL,NULL,'Gephyromantis_eiselti',NULL,NULL,NULL,NULL,NULL,NULL,NULL,NULL,NULL,NULL),(289,'hatem','INSERT','2015-03-20 12:09:16',NULL,NULL,NULL,NULL,NULL,NULL,'Gephyromantis_eiselti',NULL,NULL,NULL,NULL,NULL,NULL,NULL),(290,'hatem','INSERT','2015-03-20 12:09:17',NULL,NULL,NULL,NULL,NULL,NULL,NULL,'Gephyromantis_eiselti',NULL,NULL,NULL,NULL,NULL,NULL),(291,'hatem','INSERT','2015-03-20 12:09:17',NULL,NULL,NULL,NULL,NULL,NULL,NULL,NULL,NULL,NULL,NULL,NULL,'Gephyromantis_eiselti',NULL),(292,'hatem','INSERT','2015-03-20 12:09:17','Oreophryne_amiatoi',NULL,NULL,NULL,NULL,NULL,NULL,NULL,NULL,NULL,NULL,NULL,NULL,NULL),(293,'hatem','INSERT','2015-03-20 12:09:18',NULL,NULL,'Oreophryne_amiatoi',NULL,NULL,NULL,NULL,NULL,NULL,NULL,NULL,NULL,NULL,NULL),(294,'hatem','INSERT','2015-03-20 12:09:18',NULL,'Oreophryne_amiatoi',NULL,NULL,NULL,NULL,NULL,NULL,NULL,NULL,NULL,NULL,NULL,NULL),(295,'hatem','INSERT','2015-03-20 12:09:18',NULL,NULL,NULL,NULL,'Oreophryne_amiatoi',NULL,NULL,NULL,NULL,NULL,NULL,NULL,NULL,NULL),(296,'hatem','INSERT','2015-03-20 12:09:19',NULL,NULL,NULL,NULL,NULL,NULL,NULL,NULL,'Oreophryne_amiatoi',NULL,NULL,NULL,NULL,NULL),(297,'hatem','INSERT','2015-03-20 12:09:19',NULL,NULL,NULL,NULL,NULL,NULL,NULL,NULL,NULL,NULL,'Oreophryne_amiatoi',NULL,NULL,NULL),(298,'hatem','INSERT','2015-03-20 12:09:20',NULL,NULL,NULL,NULL,NULL,NULL,NULL,NULL,NULL,NULL,NULL,NULL,NULL,'Oreophryne_amiatoi'),(299,'hatem','INSERT','2015-03-20 12:09:20',NULL,NULL,NULL,NULL,NULL,NULL,NULL,NULL,NULL,'Oreophryne_amiatoi',NULL,NULL,NULL,NULL),(300,'hatem','INSERT','2015-03-20 12:09:20',NULL,NULL,NULL,NULL,NULL,'Oreophryne_amiatoi',NULL,NULL,NULL,NULL,NULL,NULL,NULL,NULL),(301,'hatem','INSERT','2015-03-20 12:09:21',NULL,NULL,NULL,NULL,NULL,NULL,NULL,NULL,NULL,NULL,NULL,'Oreophryne_amiatoi',NULL,NULL),(302,'hatem','INSERT','2015-03-20 12:09:21',NULL,NULL,NULL,'Oreophryne_amiatoi',NULL,NULL,NULL,NULL,NULL,NULL,NULL,NULL,NULL,NULL),(303,'hatem','INSERT','2015-03-20 12:09:21',NULL,NULL,NULL,NULL,NULL,NULL,'Oreophryne_amiatoi',NULL,NULL,NULL,NULL,NULL,NULL,NULL),(304,'hatem','INSERT','2015-03-20 12:09:22',NULL,NULL,NULL,NULL,NULL,NULL,NULL,'Oreophryne_amiatoi',NULL,NULL,NULL,NULL,NULL,NULL),(305,'hatem','INSERT','2015-03-20 12:09:22',NULL,NULL,NULL,NULL,NULL,NULL,NULL,NULL,NULL,NULL,NULL,NULL,'Oreophryne_amiatoi',NULL),(306,'hatem','INSERT','2015-03-20 12:09:23','Kassi_senegalensis',NULL,NULL,NULL,NULL,NULL,NULL,NULL,NULL,NULL,NULL,NULL,NULL,NULL),(307,'hatem','INSERT','2015-03-20 12:09:23',NULL,NULL,'Kassi_senegalensis',NULL,NULL,NULL,NULL,NULL,NULL,NULL,NULL,NULL,NULL,NULL),(308,'hatem','INSERT','2015-03-20 12:09:24',NULL,'Kassi_senegalensis',NULL,NULL,NULL,NULL,NULL,NULL,NULL,NULL,NULL,NULL,NULL,NULL),(309,'hatem','INSERT','2015-03-20 12:09:24',NULL,NULL,NULL,NULL,'Kassi_senegalensis',NULL,NULL,NULL,NULL,NULL,NULL,NULL,NULL,NULL),(310,'hatem','INSERT','2015-03-20 12:09:24',NULL,NULL,NULL,NULL,NULL,NULL,NULL,NULL,'Kassi_senegalensis',NULL,NULL,NULL,NULL,NULL),(311,'hatem','INSERT','2015-03-20 12:09:25',NULL,NULL,NULL,NULL,NULL,NULL,NULL,NULL,NULL,NULL,'Kassi_senegalensis',NULL,NULL,NULL),(312,'hatem','INSERT','2015-03-20 12:09:25',NULL,NULL,NULL,NULL,NULL,NULL,NULL,NULL,NULL,NULL,NULL,NULL,NULL,'Kassi_senegalensis'),(313,'hatem','INSERT','2015-03-20 12:09:26',NULL,NULL,NULL,NULL,NULL,NULL,NULL,NULL,NULL,'Kassi_senegalensis',NULL,NULL,NULL,NULL),(314,'hatem','INSERT','2015-03-20 12:09:26',NULL,NULL,NULL,NULL,NULL,'Kassi_senegalensis',NULL,NULL,NULL,NULL,NULL,NULL,NULL,NULL),(315,'hatem','INSERT','2015-03-20 12:09:26',NULL,NULL,NULL,NULL,NULL,NULL,NULL,NULL,NULL,NULL,NULL,'Kassi_senegalensis',NULL,NULL),(316,'hatem','INSERT','2015-03-20 12:09:27',NULL,NULL,NULL,'Kassi_senegalensis',NULL,NULL,NULL,NULL,NULL,NULL,NULL,NULL,NULL,NULL),(317,'hatem','INSERT','2015-03-20 12:09:27',NULL,NULL,NULL,NULL,NULL,NULL,'Kassi_senegalensis',NULL,NULL,NULL,NULL,NULL,NULL,NULL),(318,'hatem','INSERT','2015-03-20 12:09:27',NULL,NULL,NULL,NULL,NULL,NULL,NULL,'Kassi_senegalensis',NULL,NULL,NULL,NULL,NULL,NULL),(319,'hatem','INSERT','2015-03-20 12:09:28',NULL,NULL,NULL,NULL,NULL,NULL,NULL,NULL,NULL,NULL,NULL,NULL,'Kassi_senegalensis',NULL),(320,'hatem','DELETE','2015-03-20 12:09:34','Acris_crepitans',NULL,NULL,NULL,NULL,NULL,NULL,NULL,NULL,NULL,NULL,NULL,NULL,NULL),(321,'hatem','DELETE','2015-03-20 12:09:34','Aerugoamnis_paulus',NULL,NULL,NULL,NULL,NULL,NULL,NULL,NULL,NULL,NULL,NULL,NULL,NULL),(322,'hatem','DELETE','2015-03-20 12:09:35','Ameerega_altamazonica',NULL,NULL,NULL,NULL,NULL,NULL,NULL,NULL,NULL,NULL,NULL,NULL,NULL),(323,'hatem','DELETE','2015-03-20 12:09:35','Cardioglossa_elegans',NULL,NULL,NULL,NULL,NULL,NULL,NULL,NULL,NULL,NULL,NULL,NULL,NULL),(324,'hatem','DELETE','2015-03-20 12:09:35','Dendropsophus_parviceps',NULL,NULL,NULL,NULL,NULL,NULL,NULL,NULL,NULL,NULL,NULL,NULL,NULL),(325,'hatem','DELETE','2015-03-20 12:09:36','Gephyromantis_eiselti',NULL,NULL,NULL,NULL,NULL,NULL,NULL,NULL,NULL,NULL,NULL,NULL,NULL),(326,'hatem','DELETE','2015-03-20 12:09:36','Gerrothorax_pulcherrimus',NULL,NULL,NULL,NULL,NULL,NULL,NULL,NULL,NULL,NULL,NULL,NULL,NULL),(327,'hatem','DELETE','2015-03-20 12:09:36','Kassi_senegalensis',NULL,NULL,NULL,NULL,NULL,NULL,NULL,NULL,NULL,NULL,NULL,NULL,NULL),(328,'hatem','DELETE','2015-03-20 12:09:36','Kurixalus_appendiculatus',NULL,NULL,NULL,NULL,NULL,NULL,NULL,NULL,NULL,NULL,NULL,NULL,NULL),(329,'hatem','DELETE','2015-03-20 12:09:37','Odontophrynus_americanus',NULL,NULL,NULL,NULL,NULL,NULL,NULL,NULL,NULL,NULL,NULL,NULL,NULL),(330,'hatem','DELETE','2015-03-20 12:09:37','Oreophryne_amiatoi',NULL,NULL,NULL,NULL,NULL,NULL,NULL,NULL,NULL,NULL,NULL,NULL,NULL),(331,'hatem','INSERT','2015-03-20 12:09:45','Cardioglossa_elegans',NULL,NULL,NULL,NULL,NULL,NULL,NULL,NULL,NULL,NULL,NULL,NULL,NULL),(332,'hatem','INSERT','2015-03-20 12:09:46',NULL,NULL,'Cardioglossa_elegans',NULL,NULL,NULL,NULL,NULL,NULL,NULL,NULL,NULL,NULL,NULL),(333,'hatem','INSERT','2015-03-20 12:09:46',NULL,'Cardioglossa_elegans',NULL,NULL,NULL,NULL,NULL,NULL,NULL,NULL,NULL,NULL,NULL,NULL),(334,'hatem','INSERT','2015-03-20 12:09:47',NULL,NULL,NULL,NULL,'Cardioglossa_elegans',NULL,NULL,NULL,NULL,NULL,NULL,NULL,NULL,NULL),(335,'hatem','INSERT','2015-03-20 12:09:47',NULL,NULL,NULL,NULL,NULL,NULL,NULL,NULL,'Cardioglossa_elegans',NULL,NULL,NULL,NULL,NULL),(336,'hatem','INSERT','2015-03-20 12:09:47',NULL,NULL,NULL,NULL,NULL,NULL,NULL,NULL,NULL,NULL,'Cardioglossa_elegans',NULL,NULL,NULL),(337,'hatem','INSERT','2015-03-20 12:09:48',NULL,NULL,NULL,NULL,NULL,NULL,NULL,NULL,NULL,NULL,NULL,NULL,NULL,'Cardioglossa_elegans'),(338,'hatem','INSERT','2015-03-20 12:09:49',NULL,NULL,NULL,NULL,NULL,NULL,NULL,NULL,NULL,'Cardioglossa_elegans',NULL,NULL,NULL,NULL),(339,'hatem','INSERT','2015-03-20 12:09:49',NULL,NULL,NULL,NULL,NULL,'Cardioglossa_elegans',NULL,NULL,NULL,NULL,NULL,NULL,NULL,NULL),(340,'hatem','INSERT','2015-03-20 12:09:49',NULL,NULL,NULL,NULL,NULL,NULL,NULL,NULL,NULL,NULL,NULL,'Cardioglossa_elegans',NULL,NULL),(341,'hatem','INSERT','2015-03-20 12:09:50',NULL,NULL,NULL,'Cardioglossa_elegans',NULL,NULL,NULL,NULL,NULL,NULL,NULL,NULL,NULL,NULL),(342,'hatem','INSERT','2015-03-20 12:09:50',NULL,NULL,NULL,NULL,NULL,NULL,'Cardioglossa_elegans',NULL,NULL,NULL,NULL,NULL,NULL,NULL),(343,'hatem','INSERT','2015-03-20 12:09:50',NULL,NULL,NULL,NULL,NULL,NULL,NULL,'Cardioglossa_elegans',NULL,NULL,NULL,NULL,NULL,NULL),(344,'hatem','INSERT','2015-03-20 12:09:51',NULL,NULL,NULL,NULL,NULL,NULL,NULL,NULL,NULL,NULL,NULL,NULL,'Cardioglossa_elegans',NULL),(345,'hatem','INSERT','2015-03-20 12:09:51','Dendropsophus_parviceps',NULL,NULL,NULL,NULL,NULL,NULL,NULL,NULL,NULL,NULL,NULL,NULL,NULL),(346,'hatem','INSERT','2015-03-20 12:09:51',NULL,NULL,'Dendropsophus_parviceps',NULL,NULL,NULL,NULL,NULL,NULL,NULL,NULL,NULL,NULL,NULL),(347,'hatem','INSERT','2015-03-20 12:09:52',NULL,'Dendropsophus_parviceps',NULL,NULL,NULL,NULL,NULL,NULL,NULL,NULL,NULL,NULL,NULL,NULL),(348,'hatem','INSERT','2015-03-20 12:09:52',NULL,NULL,NULL,NULL,'Dendropsophus_parviceps',NULL,NULL,NULL,NULL,NULL,NULL,NULL,NULL,NULL),(349,'hatem','INSERT','2015-03-20 12:09:52',NULL,NULL,NULL,NULL,NULL,NULL,NULL,NULL,'Dendropsophus_parviceps',NULL,NULL,NULL,NULL,NULL),(350,'hatem','INSERT','2015-03-20 12:09:53',NULL,NULL,NULL,NULL,NULL,NULL,NULL,NULL,NULL,NULL,'Dendropsophus_parviceps',NULL,NULL,NULL),(351,'hatem','INSERT','2015-03-20 12:09:53',NULL,NULL,NULL,NULL,NULL,NULL,NULL,NULL,NULL,NULL,NULL,NULL,NULL,'Dendropsophus_parviceps'),(352,'hatem','INSERT','2015-03-20 12:09:53',NULL,NULL,NULL,NULL,NULL,NULL,NULL,NULL,NULL,'Dendropsophus_parviceps',NULL,NULL,NULL,NULL),(353,'hatem','INSERT','2015-03-20 12:09:54',NULL,NULL,NULL,NULL,NULL,'Dendropsophus_parviceps',NULL,NULL,NULL,NULL,NULL,NULL,NULL,NULL),(354,'hatem','INSERT','2015-03-20 12:09:54',NULL,NULL,NULL,NULL,NULL,NULL,NULL,NULL,NULL,NULL,NULL,'Dendropsophus_parviceps',NULL,NULL),(355,'hatem','INSERT','2015-03-20 12:09:55',NULL,NULL,NULL,'Dendropsophus_parviceps',NULL,NULL,NULL,NULL,NULL,NULL,NULL,NULL,NULL,NULL),(356,'hatem','INSERT','2015-03-20 12:09:55',NULL,NULL,NULL,NULL,NULL,NULL,'Dendropsophus_parviceps',NULL,NULL,NULL,NULL,NULL,NULL,NULL),(357,'hatem','INSERT','2015-03-20 12:09:55',NULL,NULL,NULL,NULL,NULL,NULL,NULL,'Dendropsophus_parviceps',NULL,NULL,NULL,NULL,NULL,NULL),(358,'hatem','INSERT','2015-03-20 12:09:56',NULL,NULL,NULL,NULL,NULL,NULL,NULL,NULL,NULL,NULL,NULL,NULL,'Dendropsophus_parviceps',NULL),(359,'hatem','INSERT','2015-03-20 12:09:56','Gerrothorax_pulcherrimus',NULL,NULL,NULL,NULL,NULL,NULL,NULL,NULL,NULL,NULL,NULL,NULL,NULL),(360,'hatem','INSERT','2015-03-20 12:09:56',NULL,NULL,'Gerrothorax_pulcherrimus',NULL,NULL,NULL,NULL,NULL,NULL,NULL,NULL,NULL,NULL,NULL),(361,'hatem','INSERT','2015-03-20 12:09:57',NULL,'Gerrothorax_pulcherrimus',NULL,NULL,NULL,NULL,NULL,NULL,NULL,NULL,NULL,NULL,NULL,NULL),(362,'hatem','INSERT','2015-03-20 12:09:57',NULL,NULL,NULL,NULL,'Gerrothorax_pulcherrimus',NULL,NULL,NULL,NULL,NULL,NULL,NULL,NULL,NULL),(363,'hatem','INSERT','2015-03-20 12:09:57',NULL,NULL,NULL,NULL,NULL,NULL,NULL,NULL,'Gerrothorax_pulcherrimus',NULL,NULL,NULL,NULL,NULL),(364,'hatem','INSERT','2015-03-20 12:09:58',NULL,NULL,NULL,NULL,NULL,NULL,NULL,NULL,NULL,NULL,'Gerrothorax_pulcherrimus',NULL,NULL,NULL),(365,'hatem','INSERT','2015-03-20 12:09:58',NULL,NULL,NULL,NULL,NULL,NULL,NULL,NULL,NULL,NULL,NULL,NULL,NULL,'Gerrothorax_pulcherrimus'),(366,'hatem','INSERT','2015-03-20 12:09:58',NULL,NULL,NULL,NULL,NULL,NULL,NULL,NULL,NULL,'Gerrothorax_pulcherrimus',NULL,NULL,NULL,NULL),(367,'hatem','INSERT','2015-03-20 12:09:59',NULL,NULL,NULL,NULL,NULL,'Gerrothorax_pulcherrimus',NULL,NULL,NULL,NULL,NULL,NULL,NULL,NULL),(368,'hatem','INSERT','2015-03-20 12:09:59',NULL,NULL,NULL,NULL,NULL,NULL,NULL,NULL,NULL,NULL,NULL,'Gerrothorax_pulcherrimus',NULL,NULL),(369,'hatem','INSERT','2015-03-20 12:09:59',NULL,NULL,NULL,'Gerrothorax_pulcherrimus',NULL,NULL,NULL,NULL,NULL,NULL,NULL,NULL,NULL,NULL),(370,'hatem','INSERT','2015-03-20 12:10:00',NULL,NULL,NULL,NULL,NULL,NULL,'Gerrothorax_pulcherrimus',NULL,NULL,NULL,NULL,NULL,NULL,NULL),(371,'hatem','INSERT','2015-03-20 12:10:00',NULL,NULL,NULL,NULL,NULL,NULL,NULL,'Gerrothorax_pulcherrimus',NULL,NULL,NULL,NULL,NULL,NULL),(372,'hatem','INSERT','2015-03-20 12:10:00',NULL,NULL,NULL,NULL,NULL,NULL,NULL,NULL,NULL,NULL,NULL,NULL,'Gerrothorax_pulcherrimus',NULL),(373,'hatem','INSERT','2015-03-20 12:10:01','Aerugoamnis_paulus',NULL,NULL,NULL,NULL,NULL,NULL,NULL,NULL,NULL,NULL,NULL,NULL,NULL),(374,'hatem','INSERT','2015-03-20 12:10:01',NULL,NULL,'Aerugoamnis_paulus',NULL,NULL,NULL,NULL,NULL,NULL,NULL,NULL,NULL,NULL,NULL),(375,'hatem','INSERT','2015-03-20 12:10:01',NULL,'Aerugoamnis_paulus',NULL,NULL,NULL,NULL,NULL,NULL,NULL,NULL,NULL,NULL,NULL,NULL),(376,'hatem','INSERT','2015-03-20 12:10:02',NULL,NULL,NULL,NULL,'Aerugoamnis_paulus',NULL,NULL,NULL,NULL,NULL,NULL,NULL,NULL,NULL),(377,'hatem','INSERT','2015-03-20 12:10:02',NULL,NULL,NULL,NULL,NULL,NULL,NULL,NULL,'Aerugoamnis_paulus',NULL,NULL,NULL,NULL,NULL),(378,'hatem','INSERT','2015-03-20 12:10:02',NULL,NULL,NULL,NULL,NULL,NULL,NULL,NULL,NULL,NULL,'Aerugoamnis_paulus',NULL,NULL,NULL),(379,'hatem','INSERT','2015-03-20 12:10:03',NULL,NULL,NULL,NULL,NULL,NULL,NULL,NULL,NULL,NULL,NULL,NULL,NULL,'Aerugoamnis_paulus'),(380,'hatem','INSERT','2015-03-20 12:10:03',NULL,NULL,NULL,NULL,NULL,NULL,NULL,NULL,NULL,'Aerugoamnis_paulus',NULL,NULL,NULL,NULL),(381,'hatem','INSERT','2015-03-20 12:10:03',NULL,NULL,NULL,NULL,NULL,'Aerugoamnis_paulus',NULL,NULL,NULL,NULL,NULL,NULL,NULL,NULL),(382,'hatem','INSERT','2015-03-20 12:10:04',NULL,NULL,NULL,NULL,NULL,NULL,NULL,NULL,NULL,NULL,NULL,'Aerugoamnis_paulus',NULL,NULL),(383,'hatem','INSERT','2015-03-20 12:10:04',NULL,NULL,NULL,'Aerugoamnis_paulus',NULL,NULL,NULL,NULL,NULL,NULL,NULL,NULL,NULL,NULL),(384,'hatem','INSERT','2015-03-20 12:10:04',NULL,NULL,NULL,NULL,NULL,NULL,'Aerugoamnis_paulus',NULL,NULL,NULL,NULL,NULL,NULL,NULL),(385,'hatem','INSERT','2015-03-20 12:10:05',NULL,NULL,NULL,NULL,NULL,NULL,NULL,'Aerugoamnis_paulus',NULL,NULL,NULL,NULL,NULL,NULL),(386,'hatem','INSERT','2015-03-20 12:10:05',NULL,NULL,NULL,NULL,NULL,NULL,NULL,NULL,NULL,NULL,NULL,NULL,'Aerugoamnis_paulus',NULL),(387,'hatem','INSERT','2015-03-20 12:10:05','Acris_crepitans',NULL,NULL,NULL,NULL,NULL,NULL,NULL,NULL,NULL,NULL,NULL,NULL,NULL),(388,'hatem','INSERT','2015-03-20 12:10:06',NULL,NULL,'Acris_crepitans',NULL,NULL,NULL,NULL,NULL,NULL,NULL,NULL,NULL,NULL,NULL),(389,'hatem','INSERT','2015-03-20 12:10:06',NULL,'Acris_crepitans',NULL,NULL,NULL,NULL,NULL,NULL,NULL,NULL,NULL,NULL,NULL,NULL),(390,'hatem','INSERT','2015-03-20 12:10:06',NULL,NULL,NULL,NULL,'Acris_crepitans',NULL,NULL,NULL,NULL,NULL,NULL,NULL,NULL,NULL),(391,'hatem','INSERT','2015-03-20 12:10:07',NULL,NULL,NULL,NULL,NULL,NULL,NULL,NULL,'Acris_crepitans',NULL,NULL,NULL,NULL,NULL),(392,'hatem','INSERT','2015-03-20 12:10:07',NULL,NULL,NULL,NULL,NULL,NULL,NULL,NULL,NULL,NULL,'Acris_crepitans',NULL,NULL,NULL),(393,'hatem','INSERT','2015-03-20 12:10:08',NULL,NULL,NULL,NULL,NULL,NULL,NULL,NULL,NULL,NULL,NULL,NULL,NULL,'Acris_crepitans'),(394,'hatem','INSERT','2015-03-20 12:10:08',NULL,NULL,NULL,NULL,NULL,NULL,NULL,NULL,NULL,'Acris_crepitans',NULL,NULL,NULL,NULL),(395,'hatem','INSERT','2015-03-20 12:10:09',NULL,NULL,NULL,NULL,NULL,'Acris_crepitans',NULL,NULL,NULL,NULL,NULL,NULL,NULL,NULL),(396,'hatem','INSERT','2015-03-20 12:10:09',NULL,NULL,NULL,NULL,NULL,NULL,NULL,NULL,NULL,NULL,NULL,'Acris_crepitans',NULL,NULL),(397,'hatem','INSERT','2015-03-20 12:10:09',NULL,NULL,NULL,'Acris_crepitans',NULL,NULL,NULL,NULL,NULL,NULL,NULL,NULL,NULL,NULL),(398,'hatem','INSERT','2015-03-20 12:10:10',NULL,NULL,NULL,NULL,NULL,NULL,'Acris_crepitans',NULL,NULL,NULL,NULL,NULL,NULL,NULL),(399,'hatem','INSERT','2015-03-20 12:10:10',NULL,NULL,NULL,NULL,NULL,NULL,NULL,'Acris_crepitans',NULL,NULL,NULL,NULL,NULL,NULL),(400,'hatem','INSERT','2015-03-20 12:10:10',NULL,NULL,NULL,NULL,NULL,NULL,NULL,NULL,NULL,NULL,NULL,NULL,'Acris_crepitans',NULL),(401,'hatem','INSERT','2015-03-20 12:10:11','Kurixalus_appendiculatus',NULL,NULL,NULL,NULL,NULL,NULL,NULL,NULL,NULL,NULL,NULL,NULL,NULL),(402,'hatem','INSERT','2015-03-20 12:10:11',NULL,NULL,'Kurixalus_appendiculatus',NULL,NULL,NULL,NULL,NULL,NULL,NULL,NULL,NULL,NULL,NULL),(403,'hatem','INSERT','2015-03-20 12:10:12',NULL,'Kurixalus_appendiculatus',NULL,NULL,NULL,NULL,NULL,NULL,NULL,NULL,NULL,NULL,NULL,NULL),(404,'hatem','INSERT','2015-03-20 12:10:12',NULL,NULL,NULL,NULL,'Kurixalus_appendiculatus',NULL,NULL,NULL,NULL,NULL,NULL,NULL,NULL,NULL),(405,'hatem','INSERT','2015-03-20 12:10:13',NULL,NULL,NULL,NULL,NULL,NULL,NULL,NULL,'Kurixalus_appendiculatus',NULL,NULL,NULL,NULL,NULL),(406,'hatem','INSERT','2015-03-20 12:10:13',NULL,NULL,NULL,NULL,NULL,NULL,NULL,NULL,NULL,NULL,'Kurixalus_appendiculatus',NULL,NULL,NULL),(407,'hatem','INSERT','2015-03-20 12:10:13',NULL,NULL,NULL,NULL,NULL,NULL,NULL,NULL,NULL,NULL,NULL,NULL,NULL,'Kurixalus_appendiculatus'),(408,'hatem','INSERT','2015-03-20 12:10:14',NULL,NULL,NULL,NULL,NULL,NULL,NULL,NULL,NULL,'Kurixalus_appendiculatus',NULL,NULL,NULL,NULL),(409,'hatem','INSERT','2015-03-20 12:10:14',NULL,NULL,NULL,NULL,NULL,'Kurixalus_appendiculatus',NULL,NULL,NULL,NULL,NULL,NULL,NULL,NULL),(410,'hatem','INSERT','2015-03-20 12:10:15',NULL,NULL,NULL,NULL,NULL,NULL,NULL,NULL,NULL,NULL,NULL,'Kurixalus_appendiculatus',NULL,NULL),(411,'hatem','INSERT','2015-03-20 12:10:15',NULL,NULL,NULL,'Kurixalus_appendiculatus',NULL,NULL,NULL,NULL,NULL,NULL,NULL,NULL,NULL,NULL),(412,'hatem','INSERT','2015-03-20 12:10:16',NULL,NULL,NULL,NULL,NULL,NULL,'Kurixalus_appendiculatus',NULL,NULL,NULL,NULL,NULL,NULL,NULL),(413,'hatem','INSERT','2015-03-20 12:10:16',NULL,NULL,NULL,NULL,NULL,NULL,NULL,'Kurixalus_appendiculatus',NULL,NULL,NULL,NULL,NULL,NULL),(414,'hatem','INSERT','2015-03-20 12:10:17',NULL,NULL,NULL,NULL,NULL,NULL,NULL,NULL,NULL,NULL,NULL,NULL,'Kurixalus_appendiculatus',NULL),(415,'hatem','INSERT','2015-03-20 12:10:17','Ameerega_altamazonica',NULL,NULL,NULL,NULL,NULL,NULL,NULL,NULL,NULL,NULL,NULL,NULL,NULL),(416,'hatem','INSERT','2015-03-20 12:10:18',NULL,NULL,'Ameerega_altamazonica',NULL,NULL,NULL,NULL,NULL,NULL,NULL,NULL,NULL,NULL,NULL),(417,'hatem','INSERT','2015-03-20 12:10:18',NULL,'Ameerega_altamazonica',NULL,NULL,NULL,NULL,NULL,NULL,NULL,NULL,NULL,NULL,NULL,NULL),(418,'hatem','INSERT','2015-03-20 12:10:18',NULL,NULL,NULL,NULL,'Ameerega_altamazonica',NULL,NULL,NULL,NULL,NULL,NULL,NULL,NULL,NULL),(419,'hatem','INSERT','2015-03-20 12:10:19',NULL,NULL,NULL,NULL,NULL,NULL,NULL,NULL,'Ameerega_altamazonica',NULL,NULL,NULL,NULL,NULL),(420,'hatem','INSERT','2015-03-20 12:10:19',NULL,NULL,NULL,NULL,NULL,NULL,NULL,NULL,NULL,NULL,'Ameerega_altamazonica',NULL,NULL,NULL),(421,'hatem','INSERT','2015-03-20 12:10:20',NULL,NULL,NULL,NULL,NULL,NULL,NULL,NULL,NULL,NULL,NULL,NULL,NULL,'Ameerega_altamazonica'),(422,'hatem','INSERT','2015-03-20 12:10:20',NULL,NULL,NULL,NULL,NULL,NULL,NULL,NULL,NULL,'Ameerega_altamazonica',NULL,NULL,NULL,NULL),(423,'hatem','INSERT','2015-03-20 12:10:20',NULL,NULL,NULL,NULL,NULL,'Ameerega_altamazonica',NULL,NULL,NULL,NULL,NULL,NULL,NULL,NULL),(424,'hatem','INSERT','2015-03-20 12:10:21',NULL,NULL,NULL,NULL,NULL,NULL,NULL,NULL,NULL,NULL,NULL,'Ameerega_altamazonica',NULL,NULL),(425,'hatem','INSERT','2015-03-20 12:10:21',NULL,NULL,NULL,'Ameerega_altamazonica',NULL,NULL,NULL,NULL,NULL,NULL,NULL,NULL,NULL,NULL),(426,'hatem','INSERT','2015-03-20 12:10:21',NULL,NULL,NULL,NULL,NULL,NULL,'Ameerega_altamazonica',NULL,NULL,NULL,NULL,NULL,NULL,NULL),(427,'hatem','INSERT','2015-03-20 12:10:22',NULL,NULL,NULL,NULL,NULL,NULL,NULL,'Ameerega_altamazonica',NULL,NULL,NULL,NULL,NULL,NULL),(428,'hatem','INSERT','2015-03-20 12:10:22',NULL,NULL,NULL,NULL,NULL,NULL,NULL,NULL,NULL,NULL,NULL,NULL,'Ameerega_altamazonica',NULL),(429,'hatem','INSERT','2015-03-20 12:10:22','Odontophrynus_americanus',NULL,NULL,NULL,NULL,NULL,NULL,NULL,NULL,NULL,NULL,NULL,NULL,NULL),(430,'hatem','INSERT','2015-03-20 12:10:23',NULL,NULL,'Odontophrynus_americanus',NULL,NULL,NULL,NULL,NULL,NULL,NULL,NULL,NULL,NULL,NULL),(431,'hatem','INSERT','2015-03-20 12:10:23',NULL,'Odontophrynus_americanus',NULL,NULL,NULL,NULL,NULL,NULL,NULL,NULL,NULL,NULL,NULL,NULL),(432,'hatem','INSERT','2015-03-20 12:10:23',NULL,NULL,NULL,NULL,'Odontophrynus_americanus',NULL,NULL,NULL,NULL,NULL,NULL,NULL,NULL,NULL),(433,'hatem','INSERT','2015-03-20 12:10:24',NULL,NULL,NULL,NULL,NULL,NULL,NULL,NULL,'Odontophrynus_americanus',NULL,NULL,NULL,NULL,NULL),(434,'hatem','INSERT','2015-03-20 12:10:24',NULL,NULL,NULL,NULL,NULL,NULL,NULL,NULL,NULL,NULL,'Odontophrynus_americanus',NULL,NULL,NULL),(435,'hatem','INSERT','2015-03-20 12:10:24',NULL,NULL,NULL,NULL,NULL,NULL,NULL,NULL,NULL,NULL,NULL,NULL,NULL,'Odontophrynus_americanus'),(436,'hatem','INSERT','2015-03-20 12:10:25',NULL,NULL,NULL,NULL,NULL,NULL,NULL,NULL,NULL,'Odontophrynus_americanus',NULL,NULL,NULL,NULL),(437,'hatem','INSERT','2015-03-20 12:10:25',NULL,NULL,NULL,NULL,NULL,'Odontophrynus_americanus',NULL,NULL,NULL,NULL,NULL,NULL,NULL,NULL),(438,'hatem','INSERT','2015-03-20 12:10:25',NULL,NULL,NULL,NULL,NULL,NULL,NULL,NULL,NULL,NULL,NULL,'Odontophrynus_americanus',NULL,NULL),(439,'hatem','INSERT','2015-03-20 12:10:26',NULL,NULL,NULL,'Odontophrynus_americanus',NULL,NULL,NULL,NULL,NULL,NULL,NULL,NULL,NULL,NULL),(440,'hatem','INSERT','2015-03-20 12:10:26',NULL,NULL,NULL,NULL,NULL,NULL,'Odontophrynus_americanus',NULL,NULL,NULL,NULL,NULL,NULL,NULL),(441,'hatem','INSERT','2015-03-20 12:10:26',NULL,NULL,NULL,NULL,NULL,NULL,NULL,'Odontophrynus_americanus',NULL,NULL,NULL,NULL,NULL,NULL),(442,'hatem','INSERT','2015-03-20 12:10:27',NULL,NULL,NULL,NULL,NULL,NULL,NULL,NULL,NULL,NULL,NULL,NULL,'Odontophrynus_americanus',NULL),(443,'hatem','INSERT','2015-03-20 12:10:27','Gephyromantis_eiselti',NULL,NULL,NULL,NULL,NULL,NULL,NULL,NULL,NULL,NULL,NULL,NULL,NULL),(444,'hatem','INSERT','2015-03-20 12:10:27',NULL,NULL,'Gephyromantis_eiselti',NULL,NULL,NULL,NULL,NULL,NULL,NULL,NULL,NULL,NULL,NULL),(445,'hatem','INSERT','2015-03-20 12:10:28',NULL,'Gephyromantis_eiselti',NULL,NULL,NULL,NULL,NULL,NULL,NULL,NULL,NULL,NULL,NULL,NULL),(446,'hatem','INSERT','2015-03-20 12:10:28',NULL,NULL,NULL,NULL,'Gephyromantis_eiselti',NULL,NULL,NULL,NULL,NULL,NULL,NULL,NULL,NULL),(447,'hatem','INSERT','2015-03-20 12:10:28',NULL,NULL,NULL,NULL,NULL,NULL,NULL,NULL,'Gephyromantis_eiselti',NULL,NULL,NULL,NULL,NULL),(448,'hatem','INSERT','2015-03-20 12:10:29',NULL,NULL,NULL,NULL,NULL,NULL,NULL,NULL,NULL,NULL,'Gephyromantis_eiselti',NULL,NULL,NULL),(449,'hatem','INSERT','2015-03-20 12:10:29',NULL,NULL,NULL,NULL,NULL,NULL,NULL,NULL,NULL,NULL,NULL,NULL,NULL,'Gephyromantis_eiselti'),(450,'hatem','INSERT','2015-03-20 12:10:30',NULL,NULL,NULL,NULL,NULL,NULL,NULL,NULL,NULL,'Gephyromantis_eiselti',NULL,NULL,NULL,NULL),(451,'hatem','INSERT','2015-03-20 12:10:30',NULL,NULL,NULL,NULL,NULL,'Gephyromantis_eiselti',NULL,NULL,NULL,NULL,NULL,NULL,NULL,NULL),(452,'hatem','INSERT','2015-03-20 12:10:31',NULL,NULL,NULL,NULL,NULL,NULL,NULL,NULL,NULL,NULL,NULL,'Gephyromantis_eiselti',NULL,NULL),(453,'hatem','INSERT','2015-03-20 12:10:31',NULL,NULL,NULL,'Gephyromantis_eiselti',NULL,NULL,NULL,NULL,NULL,NULL,NULL,NULL,NULL,NULL),(454,'hatem','INSERT','2015-03-20 12:10:31',NULL,NULL,NULL,NULL,NULL,NULL,'Gephyromantis_eiselti',NULL,NULL,NULL,NULL,NULL,NULL,NULL),(455,'hatem','INSERT','2015-03-20 12:10:32',NULL,NULL,NULL,NULL,NULL,NULL,NULL,'Gephyromantis_eiselti',NULL,NULL,NULL,NULL,NULL,NULL),(456,'hatem','INSERT','2015-03-20 12:10:32',NULL,NULL,NULL,NULL,NULL,NULL,NULL,NULL,NULL,NULL,NULL,NULL,'Gephyromantis_eiselti',NULL),(457,'hatem','INSERT','2015-03-20 12:10:33','Oreophryne_amiatoi',NULL,NULL,NULL,NULL,NULL,NULL,NULL,NULL,NULL,NULL,NULL,NULL,NULL),(458,'hatem','INSERT','2015-03-20 12:10:33',NULL,NULL,'Oreophryne_amiatoi',NULL,NULL,NULL,NULL,NULL,NULL,NULL,NULL,NULL,NULL,NULL),(459,'hatem','INSERT','2015-03-20 12:10:33',NULL,'Oreophryne_amiatoi',NULL,NULL,NULL,NULL,NULL,NULL,NULL,NULL,NULL,NULL,NULL,NULL),(460,'hatem','INSERT','2015-03-20 12:10:34',NULL,NULL,NULL,NULL,'Oreophryne_amiatoi',NULL,NULL,NULL,NULL,NULL,NULL,NULL,NULL,NULL),(461,'hatem','INSERT','2015-03-20 12:10:34',NULL,NULL,NULL,NULL,NULL,NULL,NULL,NULL,'Oreophryne_amiatoi',NULL,NULL,NULL,NULL,NULL),(462,'hatem','INSERT','2015-03-20 12:10:34',NULL,NULL,NULL,NULL,NULL,NULL,NULL,NULL,NULL,NULL,'Oreophryne_amiatoi',NULL,NULL,NULL),(463,'hatem','INSERT','2015-03-20 12:10:34',NULL,NULL,NULL,NULL,NULL,NULL,NULL,NULL,NULL,NULL,NULL,NULL,NULL,'Oreophryne_amiatoi'),(464,'hatem','INSERT','2015-03-20 12:10:35',NULL,NULL,NULL,NULL,NULL,NULL,NULL,NULL,NULL,'Oreophryne_amiatoi',NULL,NULL,NULL,NULL),(465,'hatem','INSERT','2015-03-20 12:10:35',NULL,NULL,NULL,NULL,NULL,'Oreophryne_amiatoi',NULL,NULL,NULL,NULL,NULL,NULL,NULL,NULL),(466,'hatem','INSERT','2015-03-20 12:10:36',NULL,NULL,NULL,NULL,NULL,NULL,NULL,NULL,NULL,NULL,NULL,'Oreophryne_amiatoi',NULL,NULL),(467,'hatem','INSERT','2015-03-20 12:10:36',NULL,NULL,NULL,'Oreophryne_amiatoi',NULL,NULL,NULL,NULL,NULL,NULL,NULL,NULL,NULL,NULL),(468,'hatem','INSERT','2015-03-20 12:10:36',NULL,NULL,NULL,NULL,NULL,NULL,'Oreophryne_amiatoi',NULL,NULL,NULL,NULL,NULL,NULL,NULL),(469,'hatem','INSERT','2015-03-20 12:10:37',NULL,NULL,NULL,NULL,NULL,NULL,NULL,'Oreophryne_amiatoi',NULL,NULL,NULL,NULL,NULL,NULL),(470,'hatem','INSERT','2015-03-20 12:10:37',NULL,NULL,NULL,NULL,NULL,NULL,NULL,NULL,NULL,NULL,NULL,NULL,'Oreophryne_amiatoi',NULL),(471,'hatem','INSERT','2015-03-20 12:10:37','Kassi_senegalensis',NULL,NULL,NULL,NULL,NULL,NULL,NULL,NULL,NULL,NULL,NULL,NULL,NULL),(472,'hatem','INSERT','2015-03-20 12:10:38',NULL,NULL,'Kassi_senegalensis',NULL,NULL,NULL,NULL,NULL,NULL,NULL,NULL,NULL,NULL,NULL),(473,'hatem','INSERT','2015-03-20 12:10:38',NULL,'Kassi_senegalensis',NULL,NULL,NULL,NULL,NULL,NULL,NULL,NULL,NULL,NULL,NULL,NULL),(474,'hatem','INSERT','2015-03-20 12:10:38',NULL,NULL,NULL,NULL,'Kassi_senegalensis',NULL,NULL,NULL,NULL,NULL,NULL,NULL,NULL,NULL),(475,'hatem','INSERT','2015-03-20 12:10:39',NULL,NULL,NULL,NULL,NULL,NULL,NULL,NULL,'Kassi_senegalensis',NULL,NULL,NULL,NULL,NULL),(476,'hatem','INSERT','2015-03-20 12:10:39',NULL,NULL,NULL,NULL,NULL,NULL,NULL,NULL,NULL,NULL,'Kassi_senegalensis',NULL,NULL,NULL),(477,'hatem','INSERT','2015-03-20 12:10:39',NULL,NULL,NULL,NULL,NULL,NULL,NULL,NULL,NULL,NULL,NULL,NULL,NULL,'Kassi_senegalensis'),(478,'hatem','INSERT','2015-03-20 12:10:40',NULL,NULL,NULL,NULL,NULL,NULL,NULL,NULL,NULL,'Kassi_senegalensis',NULL,NULL,NULL,NULL),(479,'hatem','INSERT','2015-03-20 12:10:40',NULL,NULL,NULL,NULL,NULL,'Kassi_senegalensis',NULL,NULL,NULL,NULL,NULL,NULL,NULL,NULL),(480,'hatem','INSERT','2015-03-20 12:10:40',NULL,NULL,NULL,NULL,NULL,NULL,NULL,NULL,NULL,NULL,NULL,'Kassi_senegalensis',NULL,NULL),(481,'hatem','INSERT','2015-03-20 12:10:41',NULL,NULL,NULL,'Kassi_senegalensis',NULL,NULL,NULL,NULL,NULL,NULL,NULL,NULL,NULL,NULL),(482,'hatem','INSERT','2015-03-20 12:10:41',NULL,NULL,NULL,NULL,NULL,NULL,'Kassi_senegalensis',NULL,NULL,NULL,NULL,NULL,NULL,NULL),(483,'hatem','INSERT','2015-03-20 12:10:41',NULL,NULL,NULL,NULL,NULL,NULL,NULL,'Kassi_senegalensis',NULL,NULL,NULL,NULL,NULL,NULL),(484,'hatem','INSERT','2015-03-20 12:10:42',NULL,NULL,NULL,NULL,NULL,NULL,NULL,NULL,NULL,NULL,NULL,NULL,'Kassi_senegalensis',NULL),(485,'hatem','UPDATE','2015-03-20 12:12:12','Cardioglossa_elegans',NULL,NULL,NULL,NULL,NULL,NULL,NULL,NULL,NULL,NULL,NULL,NULL,NULL),(486,'hatem','UPDATE','2015-03-20 12:12:12',NULL,NULL,'Cardioglossa_elegans',NULL,NULL,NULL,NULL,NULL,NULL,NULL,NULL,NULL,NULL,NULL),(487,'hatem','UPDATE','2015-03-20 12:12:12',NULL,'Cardioglossa_elegans',NULL,NULL,NULL,NULL,NULL,NULL,NULL,NULL,NULL,NULL,NULL,NULL),(488,'hatem','UPDATE','2015-03-20 12:12:13',NULL,NULL,NULL,NULL,'Cardioglossa_elegans',NULL,NULL,NULL,NULL,NULL,NULL,NULL,NULL,NULL),(489,'hatem','UPDATE','2015-03-20 12:12:13',NULL,NULL,NULL,NULL,NULL,NULL,NULL,NULL,'Cardioglossa_elegans',NULL,NULL,NULL,NULL,NULL),(490,'hatem','UPDATE','2015-03-20 12:12:13',NULL,NULL,NULL,NULL,NULL,NULL,NULL,NULL,NULL,NULL,'Cardioglossa_elegans',NULL,NULL,NULL),(491,'hatem','UPDATE','2015-03-20 12:12:14',NULL,NULL,NULL,NULL,NULL,NULL,NULL,NULL,NULL,NULL,NULL,NULL,NULL,'Cardioglossa_elegans'),(492,'hatem','UPDATE','2015-03-20 12:12:14',NULL,NULL,NULL,NULL,NULL,NULL,NULL,NULL,NULL,'Cardioglossa_elegans',NULL,NULL,NULL,NULL),(493,'hatem','UPDATE','2015-03-20 12:12:14',NULL,NULL,NULL,NULL,NULL,'Cardioglossa_elegans',NULL,NULL,NULL,NULL,NULL,NULL,NULL,NULL),(494,'hatem','UPDATE','2015-03-20 12:12:15',NULL,NULL,NULL,NULL,NULL,NULL,NULL,NULL,NULL,NULL,NULL,'Cardioglossa_elegans',NULL,NULL),(495,'hatem','UPDATE','2015-03-20 12:12:15',NULL,NULL,NULL,'Cardioglossa_elegans',NULL,NULL,NULL,NULL,NULL,NULL,NULL,NULL,NULL,NULL),(496,'hatem','UPDATE','2015-03-20 12:12:16',NULL,NULL,NULL,NULL,NULL,NULL,'Cardioglossa_elegans',NULL,NULL,NULL,NULL,NULL,NULL,NULL),(497,'hatem','UPDATE','2015-03-20 12:12:16',NULL,NULL,NULL,NULL,NULL,NULL,NULL,'Cardioglossa_elegans',NULL,NULL,NULL,NULL,NULL,NULL),(498,'hatem','UPDATE','2015-03-20 12:12:16',NULL,NULL,NULL,NULL,NULL,NULL,NULL,NULL,NULL,NULL,NULL,NULL,'Cardioglossa_elegans',NULL),(499,'hatem','UPDATE','2015-03-20 12:12:17','Dendropsophus_parviceps',NULL,NULL,NULL,NULL,NULL,NULL,NULL,NULL,NULL,NULL,NULL,NULL,NULL),(500,'hatem','UPDATE','2015-03-20 12:12:17',NULL,NULL,'Dendropsophus_parviceps',NULL,NULL,NULL,NULL,NULL,NULL,NULL,NULL,NULL,NULL,NULL),(501,'hatem','UPDATE','2015-03-20 12:12:17',NULL,'Dendropsophus_parviceps',NULL,NULL,NULL,NULL,NULL,NULL,NULL,NULL,NULL,NULL,NULL,NULL),(502,'hatem','UPDATE','2015-03-20 12:12:17',NULL,NULL,NULL,NULL,'Dendropsophus_parviceps',NULL,NULL,NULL,NULL,NULL,NULL,NULL,NULL,NULL),(503,'hatem','UPDATE','2015-03-20 12:12:18',NULL,NULL,NULL,NULL,NULL,NULL,NULL,NULL,'Dendropsophus_parviceps',NULL,NULL,NULL,NULL,NULL),(504,'hatem','UPDATE','2015-03-20 12:12:18',NULL,NULL,NULL,NULL,NULL,NULL,NULL,NULL,NULL,NULL,'Dendropsophus_parviceps',NULL,NULL,NULL),(505,'hatem','UPDATE','2015-03-20 12:12:18',NULL,NULL,NULL,NULL,NULL,NULL,NULL,NULL,NULL,NULL,NULL,NULL,NULL,'Dendropsophus_parviceps'),(506,'hatem','UPDATE','2015-03-20 12:12:19',NULL,NULL,NULL,NULL,NULL,NULL,NULL,NULL,NULL,'Dendropsophus_parviceps',NULL,NULL,NULL,NULL),(507,'hatem','UPDATE','2015-03-20 12:12:19',NULL,NULL,NULL,NULL,NULL,'Dendropsophus_parviceps',NULL,NULL,NULL,NULL,NULL,NULL,NULL,NULL),(508,'hatem','UPDATE','2015-03-20 12:12:19',NULL,NULL,NULL,NULL,NULL,NULL,NULL,NULL,NULL,NULL,NULL,'Dendropsophus_parviceps',NULL,NULL),(509,'hatem','UPDATE','2015-03-20 12:12:20',NULL,NULL,NULL,'Dendropsophus_parviceps',NULL,NULL,NULL,NULL,NULL,NULL,NULL,NULL,NULL,NULL),(510,'hatem','UPDATE','2015-03-20 12:12:20',NULL,NULL,NULL,NULL,NULL,NULL,'Dendropsophus_parviceps',NULL,NULL,NULL,NULL,NULL,NULL,NULL),(511,'hatem','UPDATE','2015-03-20 12:12:20',NULL,NULL,NULL,NULL,NULL,NULL,NULL,'Dendropsophus_parviceps',NULL,NULL,NULL,NULL,NULL,NULL),(512,'hatem','UPDATE','2015-03-20 12:12:21',NULL,NULL,NULL,NULL,NULL,NULL,NULL,NULL,NULL,NULL,NULL,NULL,'Dendropsophus_parviceps',NULL),(513,'hatem','UPDATE','2015-03-20 12:12:21','Gerrothorax_pulcherrimus',NULL,NULL,NULL,NULL,NULL,NULL,NULL,NULL,NULL,NULL,NULL,NULL,NULL),(514,'hatem','UPDATE','2015-03-20 12:12:21',NULL,NULL,'Gerrothorax_pulcherrimus',NULL,NULL,NULL,NULL,NULL,NULL,NULL,NULL,NULL,NULL,NULL),(515,'hatem','UPDATE','2015-03-20 12:12:22',NULL,'Gerrothorax_pulcherrimus',NULL,NULL,NULL,NULL,NULL,NULL,NULL,NULL,NULL,NULL,NULL,NULL),(516,'hatem','UPDATE','2015-03-20 12:12:22',NULL,NULL,NULL,NULL,'Gerrothorax_pulcherrimus',NULL,NULL,NULL,NULL,NULL,NULL,NULL,NULL,NULL),(517,'hatem','UPDATE','2015-03-20 12:12:22',NULL,NULL,NULL,NULL,NULL,NULL,NULL,NULL,'Gerrothorax_pulcherrimus',NULL,NULL,NULL,NULL,NULL),(518,'hatem','UPDATE','2015-03-20 12:12:23',NULL,NULL,NULL,NULL,NULL,NULL,NULL,NULL,NULL,NULL,'Gerrothorax_pulcherrimus',NULL,NULL,NULL),(519,'hatem','UPDATE','2015-03-20 12:12:23',NULL,NULL,NULL,NULL,NULL,NULL,NULL,NULL,NULL,NULL,NULL,NULL,NULL,'Gerrothorax_pulcherrimus'),(520,'hatem','UPDATE','2015-03-20 12:12:23',NULL,NULL,NULL,NULL,NULL,NULL,NULL,NULL,NULL,'Gerrothorax_pulcherrimus',NULL,NULL,NULL,NULL),(521,'hatem','UPDATE','2015-03-20 12:12:23',NULL,NULL,NULL,NULL,NULL,'Gerrothorax_pulcherrimus',NULL,NULL,NULL,NULL,NULL,NULL,NULL,NULL),(522,'hatem','UPDATE','2015-03-20 12:12:24',NULL,NULL,NULL,NULL,NULL,NULL,NULL,NULL,NULL,NULL,NULL,'Gerrothorax_pulcherrimus',NULL,NULL),(523,'hatem','UPDATE','2015-03-20 12:12:24',NULL,NULL,NULL,'Gerrothorax_pulcherrimus',NULL,NULL,NULL,NULL,NULL,NULL,NULL,NULL,NULL,NULL),(524,'hatem','UPDATE','2015-03-20 12:12:24',NULL,NULL,NULL,NULL,NULL,NULL,'Gerrothorax_pulcherrimus',NULL,NULL,NULL,NULL,NULL,NULL,NULL),(525,'hatem','UPDATE','2015-03-20 12:12:24',NULL,NULL,NULL,NULL,NULL,NULL,NULL,'Gerrothorax_pulcherrimus',NULL,NULL,NULL,NULL,NULL,NULL),(526,'hatem','UPDATE','2015-03-20 12:12:25',NULL,NULL,NULL,NULL,NULL,NULL,NULL,NULL,NULL,NULL,NULL,NULL,'Gerrothorax_pulcherrimus',NULL),(527,'hatem','UPDATE','2015-03-20 12:12:26','Aerugoamnis_paulus',NULL,NULL,NULL,NULL,NULL,NULL,NULL,NULL,NULL,NULL,NULL,NULL,NULL),(528,'hatem','UPDATE','2015-03-20 12:12:26',NULL,NULL,'Aerugoamnis_paulus',NULL,NULL,NULL,NULL,NULL,NULL,NULL,NULL,NULL,NULL,NULL),(529,'hatem','UPDATE','2015-03-20 12:12:27',NULL,'Aerugoamnis_paulus',NULL,NULL,NULL,NULL,NULL,NULL,NULL,NULL,NULL,NULL,NULL,NULL),(530,'hatem','UPDATE','2015-03-20 12:12:28',NULL,NULL,NULL,NULL,'Aerugoamnis_paulus',NULL,NULL,NULL,NULL,NULL,NULL,NULL,NULL,NULL),(531,'hatem','UPDATE','2015-03-20 12:12:28',NULL,NULL,NULL,NULL,NULL,NULL,NULL,NULL,'Aerugoamnis_paulus',NULL,NULL,NULL,NULL,NULL),(532,'hatem','UPDATE','2015-03-20 12:12:28',NULL,NULL,NULL,NULL,NULL,NULL,NULL,NULL,NULL,NULL,'Aerugoamnis_paulus',NULL,NULL,NULL),(533,'hatem','UPDATE','2015-03-20 12:12:28',NULL,NULL,NULL,NULL,NULL,NULL,NULL,NULL,NULL,NULL,NULL,NULL,NULL,'Aerugoamnis_paulus'),(534,'hatem','UPDATE','2015-03-20 12:12:29',NULL,NULL,NULL,NULL,NULL,NULL,NULL,NULL,NULL,'Aerugoamnis_paulus',NULL,NULL,NULL,NULL),(535,'hatem','UPDATE','2015-03-20 12:12:29',NULL,NULL,NULL,NULL,NULL,'Aerugoamnis_paulus',NULL,NULL,NULL,NULL,NULL,NULL,NULL,NULL),(536,'hatem','UPDATE','2015-03-20 12:12:29',NULL,NULL,NULL,NULL,NULL,NULL,NULL,NULL,NULL,NULL,NULL,'Aerugoamnis_paulus',NULL,NULL),(537,'hatem','UPDATE','2015-03-20 12:12:30',NULL,NULL,NULL,'Aerugoamnis_paulus',NULL,NULL,NULL,NULL,NULL,NULL,NULL,NULL,NULL,NULL),(538,'hatem','UPDATE','2015-03-20 12:12:30',NULL,NULL,NULL,NULL,NULL,NULL,'Aerugoamnis_paulus',NULL,NULL,NULL,NULL,NULL,NULL,NULL),(539,'hatem','UPDATE','2015-03-20 12:12:31',NULL,NULL,NULL,NULL,NULL,NULL,NULL,'Aerugoamnis_paulus',NULL,NULL,NULL,NULL,NULL,NULL),(540,'hatem','UPDATE','2015-03-20 12:12:31',NULL,NULL,NULL,NULL,NULL,NULL,NULL,NULL,NULL,NULL,NULL,NULL,'Aerugoamnis_paulus',NULL),(541,'hatem','UPDATE','2015-03-20 12:12:31','Acris_crepitans',NULL,NULL,NULL,NULL,NULL,NULL,NULL,NULL,NULL,NULL,NULL,NULL,NULL),(542,'hatem','UPDATE','2015-03-20 12:12:32',NULL,NULL,'Acris_crepitans',NULL,NULL,NULL,NULL,NULL,NULL,NULL,NULL,NULL,NULL,NULL),(543,'hatem','UPDATE','2015-03-20 12:12:32',NULL,'Acris_crepitans',NULL,NULL,NULL,NULL,NULL,NULL,NULL,NULL,NULL,NULL,NULL,NULL),(544,'hatem','UPDATE','2015-03-20 12:12:33',NULL,NULL,NULL,NULL,'Acris_crepitans',NULL,NULL,NULL,NULL,NULL,NULL,NULL,NULL,NULL),(545,'hatem','UPDATE','2015-03-20 12:12:33',NULL,NULL,NULL,NULL,NULL,NULL,NULL,NULL,'Acris_crepitans',NULL,NULL,NULL,NULL,NULL),(546,'hatem','UPDATE','2015-03-20 12:12:33',NULL,NULL,NULL,NULL,NULL,NULL,NULL,NULL,NULL,NULL,'Acris_crepitans',NULL,NULL,NULL),(547,'hatem','UPDATE','2015-03-20 12:12:34',NULL,NULL,NULL,NULL,NULL,NULL,NULL,NULL,NULL,NULL,NULL,NULL,NULL,'Acris_crepitans'),(548,'hatem','UPDATE','2015-03-20 12:12:34',NULL,NULL,NULL,NULL,NULL,NULL,NULL,NULL,NULL,'Acris_crepitans',NULL,NULL,NULL,NULL),(549,'hatem','UPDATE','2015-03-20 12:12:34',NULL,NULL,NULL,NULL,NULL,'Acris_crepitans',NULL,NULL,NULL,NULL,NULL,NULL,NULL,NULL),(550,'hatem','UPDATE','2015-03-20 12:12:35',NULL,NULL,NULL,NULL,NULL,NULL,NULL,NULL,NULL,NULL,NULL,'Acris_crepitans',NULL,NULL),(551,'hatem','UPDATE','2015-03-20 12:12:35',NULL,NULL,NULL,'Acris_crepitans',NULL,NULL,NULL,NULL,NULL,NULL,NULL,NULL,NULL,NULL),(552,'hatem','UPDATE','2015-03-20 12:12:35',NULL,NULL,NULL,NULL,NULL,NULL,'Acris_crepitans',NULL,NULL,NULL,NULL,NULL,NULL,NULL),(553,'hatem','UPDATE','2015-03-20 12:12:36',NULL,NULL,NULL,NULL,NULL,NULL,NULL,'Acris_crepitans',NULL,NULL,NULL,NULL,NULL,NULL),(554,'hatem','UPDATE','2015-03-20 12:12:36',NULL,NULL,NULL,NULL,NULL,NULL,NULL,NULL,NULL,NULL,NULL,NULL,'Acris_crepitans',NULL),(555,'hatem','UPDATE','2015-03-20 12:12:36','Kurixalus_appendiculatus',NULL,NULL,NULL,NULL,NULL,NULL,NULL,NULL,NULL,NULL,NULL,NULL,NULL),(556,'hatem','UPDATE','2015-03-20 12:12:37',NULL,NULL,'Kurixalus_appendiculatus',NULL,NULL,NULL,NULL,NULL,NULL,NULL,NULL,NULL,NULL,NULL),(557,'hatem','UPDATE','2015-03-20 12:12:37',NULL,'Kurixalus_appendiculatus',NULL,NULL,NULL,NULL,NULL,NULL,NULL,NULL,NULL,NULL,NULL,NULL),(558,'hatem','UPDATE','2015-03-20 12:12:37',NULL,NULL,NULL,NULL,'Kurixalus_appendiculatus',NULL,NULL,NULL,NULL,NULL,NULL,NULL,NULL,NULL),(559,'hatem','UPDATE','2015-03-20 12:12:38',NULL,NULL,NULL,NULL,NULL,NULL,NULL,NULL,'Kurixalus_appendiculatus',NULL,NULL,NULL,NULL,NULL),(560,'hatem','UPDATE','2015-03-20 12:12:38',NULL,NULL,NULL,NULL,NULL,NULL,NULL,NULL,NULL,NULL,'Kurixalus_appendiculatus',NULL,NULL,NULL),(561,'hatem','UPDATE','2015-03-20 12:12:39',NULL,NULL,NULL,NULL,NULL,NULL,NULL,NULL,NULL,NULL,NULL,NULL,NULL,'Kurixalus_appendiculatus'),(562,'hatem','UPDATE','2015-03-20 12:12:39',NULL,NULL,NULL,NULL,NULL,NULL,NULL,NULL,NULL,'Kurixalus_appendiculatus',NULL,NULL,NULL,NULL),(563,'hatem','UPDATE','2015-03-20 12:12:39',NULL,NULL,NULL,NULL,NULL,'Kurixalus_appendiculatus',NULL,NULL,NULL,NULL,NULL,NULL,NULL,NULL),(564,'hatem','UPDATE','2015-03-20 12:12:39',NULL,NULL,NULL,NULL,NULL,NULL,NULL,NULL,NULL,NULL,NULL,'Kurixalus_appendiculatus',NULL,NULL),(565,'hatem','UPDATE','2015-03-20 12:12:40',NULL,NULL,NULL,'Kurixalus_appendiculatus',NULL,NULL,NULL,NULL,NULL,NULL,NULL,NULL,NULL,NULL),(566,'hatem','UPDATE','2015-03-20 12:12:40',NULL,NULL,NULL,NULL,NULL,NULL,'Kurixalus_appendiculatus',NULL,NULL,NULL,NULL,NULL,NULL,NULL),(567,'hatem','UPDATE','2015-03-20 12:12:41',NULL,NULL,NULL,NULL,NULL,NULL,NULL,'Kurixalus_appendiculatus',NULL,NULL,NULL,NULL,NULL,NULL),(568,'hatem','UPDATE','2015-03-20 12:12:41',NULL,NULL,NULL,NULL,NULL,NULL,NULL,NULL,NULL,NULL,NULL,NULL,'Kurixalus_appendiculatus',NULL),(569,'hatem','UPDATE','2015-03-20 12:12:41','Ameerega_altamazonica',NULL,NULL,NULL,NULL,NULL,NULL,NULL,NULL,NULL,NULL,NULL,NULL,NULL),(570,'hatem','UPDATE','2015-03-20 12:12:42',NULL,NULL,'Ameerega_altamazonica',NULL,NULL,NULL,NULL,NULL,NULL,NULL,NULL,NULL,NULL,NULL),(571,'hatem','UPDATE','2015-03-20 12:12:43',NULL,'Ameerega_altamazonica',NULL,NULL,NULL,NULL,NULL,NULL,NULL,NULL,NULL,NULL,NULL,NULL),(572,'hatem','UPDATE','2015-03-20 12:12:43',NULL,NULL,NULL,NULL,'Ameerega_altamazonica',NULL,NULL,NULL,NULL,NULL,NULL,NULL,NULL,NULL),(573,'hatem','UPDATE','2015-03-20 12:12:44',NULL,NULL,NULL,NULL,NULL,NULL,NULL,NULL,'Ameerega_altamazonica',NULL,NULL,NULL,NULL,NULL),(574,'hatem','UPDATE','2015-03-20 12:12:44',NULL,NULL,NULL,NULL,NULL,NULL,NULL,NULL,NULL,NULL,'Ameerega_altamazonica',NULL,NULL,NULL),(575,'hatem','UPDATE','2015-03-20 12:12:44',NULL,NULL,NULL,NULL,NULL,NULL,NULL,NULL,NULL,NULL,NULL,NULL,NULL,'Ameerega_altamazonica'),(576,'hatem','UPDATE','2015-03-20 12:12:45',NULL,NULL,NULL,NULL,NULL,NULL,NULL,NULL,NULL,'Ameerega_altamazonica',NULL,NULL,NULL,NULL),(577,'hatem','UPDATE','2015-03-20 12:12:45',NULL,NULL,NULL,NULL,NULL,'Ameerega_altamazonica',NULL,NULL,NULL,NULL,NULL,NULL,NULL,NULL),(578,'hatem','UPDATE','2015-03-20 12:12:45',NULL,NULL,NULL,NULL,NULL,NULL,NULL,NULL,NULL,NULL,NULL,'Ameerega_altamazonica',NULL,NULL),(579,'hatem','UPDATE','2015-03-20 12:12:45',NULL,NULL,NULL,'Ameerega_altamazonica',NULL,NULL,NULL,NULL,NULL,NULL,NULL,NULL,NULL,NULL),(580,'hatem','UPDATE','2015-03-20 12:12:46',NULL,NULL,NULL,NULL,NULL,NULL,'Ameerega_altamazonica',NULL,NULL,NULL,NULL,NULL,NULL,NULL),(581,'hatem','UPDATE','2015-03-20 12:12:46',NULL,NULL,NULL,NULL,NULL,NULL,NULL,'Ameerega_altamazonica',NULL,NULL,NULL,NULL,NULL,NULL),(582,'hatem','UPDATE','2015-03-20 12:12:47',NULL,NULL,NULL,NULL,NULL,NULL,NULL,NULL,NULL,NULL,NULL,NULL,'Ameerega_altamazonica',NULL),(583,'hatem','UPDATE','2015-03-20 12:12:47','Odontophrynus_americanus',NULL,NULL,NULL,NULL,NULL,NULL,NULL,NULL,NULL,NULL,NULL,NULL,NULL),(584,'hatem','UPDATE','2015-03-20 12:12:47',NULL,NULL,'Odontophrynus_americanus',NULL,NULL,NULL,NULL,NULL,NULL,NULL,NULL,NULL,NULL,NULL),(585,'hatem','UPDATE','2015-03-20 12:12:48',NULL,'Odontophrynus_americanus',NULL,NULL,NULL,NULL,NULL,NULL,NULL,NULL,NULL,NULL,NULL,NULL),(586,'hatem','UPDATE','2015-03-20 12:12:48',NULL,NULL,NULL,NULL,'Odontophrynus_americanus',NULL,NULL,NULL,NULL,NULL,NULL,NULL,NULL,NULL),(587,'hatem','UPDATE','2015-03-20 12:12:48',NULL,NULL,NULL,NULL,NULL,NULL,NULL,NULL,'Odontophrynus_americanus',NULL,NULL,NULL,NULL,NULL),(588,'hatem','UPDATE','2015-03-20 12:12:49',NULL,NULL,NULL,NULL,NULL,NULL,NULL,NULL,NULL,NULL,'Odontophrynus_americanus',NULL,NULL,NULL),(589,'hatem','UPDATE','2015-03-20 12:12:49',NULL,NULL,NULL,NULL,NULL,NULL,NULL,NULL,NULL,NULL,NULL,NULL,NULL,'Odontophrynus_americanus'),(590,'hatem','UPDATE','2015-03-20 12:12:49',NULL,NULL,NULL,NULL,NULL,NULL,NULL,NULL,NULL,'Odontophrynus_americanus',NULL,NULL,NULL,NULL),(591,'hatem','UPDATE','2015-03-20 12:12:49',NULL,NULL,NULL,NULL,NULL,'Odontophrynus_americanus',NULL,NULL,NULL,NULL,NULL,NULL,NULL,NULL),(592,'hatem','UPDATE','2015-03-20 12:12:50',NULL,NULL,NULL,NULL,NULL,NULL,NULL,NULL,NULL,NULL,NULL,'Odontophrynus_americanus',NULL,NULL),(593,'hatem','UPDATE','2015-03-20 12:12:50',NULL,NULL,NULL,'Odontophrynus_americanus',NULL,NULL,NULL,NULL,NULL,NULL,NULL,NULL,NULL,NULL),(594,'hatem','UPDATE','2015-03-20 12:12:50',NULL,NULL,NULL,NULL,NULL,NULL,'Odontophrynus_americanus',NULL,NULL,NULL,NULL,NULL,NULL,NULL),(595,'hatem','UPDATE','2015-03-20 12:12:51',NULL,NULL,NULL,NULL,NULL,NULL,NULL,'Odontophrynus_americanus',NULL,NULL,NULL,NULL,NULL,NULL),(596,'hatem','UPDATE','2015-03-20 12:12:51',NULL,NULL,NULL,NULL,NULL,NULL,NULL,NULL,NULL,NULL,NULL,NULL,'Odontophrynus_americanus',NULL),(597,'hatem','UPDATE','2015-03-20 12:12:51','Gephyromantis_eiselti',NULL,NULL,NULL,NULL,NULL,NULL,NULL,NULL,NULL,NULL,NULL,NULL,NULL),(598,'hatem','UPDATE','2015-03-20 12:12:52',NULL,NULL,'Gephyromantis_eiselti',NULL,NULL,NULL,NULL,NULL,NULL,NULL,NULL,NULL,NULL,NULL),(599,'hatem','UPDATE','2015-03-20 12:12:52',NULL,'Gephyromantis_eiselti',NULL,NULL,NULL,NULL,NULL,NULL,NULL,NULL,NULL,NULL,NULL,NULL),(600,'hatem','UPDATE','2015-03-20 12:12:53',NULL,NULL,NULL,NULL,'Gephyromantis_eiselti',NULL,NULL,NULL,NULL,NULL,NULL,NULL,NULL,NULL),(601,'hatem','UPDATE','2015-03-20 12:12:53',NULL,NULL,NULL,NULL,NULL,NULL,NULL,NULL,'Gephyromantis_eiselti',NULL,NULL,NULL,NULL,NULL),(602,'hatem','UPDATE','2015-03-20 12:12:54',NULL,NULL,NULL,NULL,NULL,NULL,NULL,NULL,NULL,NULL,'Gephyromantis_eiselti',NULL,NULL,NULL),(603,'hatem','UPDATE','2015-03-20 12:12:54',NULL,NULL,NULL,NULL,NULL,NULL,NULL,NULL,NULL,NULL,NULL,NULL,NULL,'Gephyromantis_eiselti'),(604,'hatem','UPDATE','2015-03-20 12:12:55',NULL,NULL,NULL,NULL,NULL,NULL,NULL,NULL,NULL,'Gephyromantis_eiselti',NULL,NULL,NULL,NULL),(605,'hatem','UPDATE','2015-03-20 12:12:55',NULL,NULL,NULL,NULL,NULL,'Gephyromantis_eiselti',NULL,NULL,NULL,NULL,NULL,NULL,NULL,NULL),(606,'hatem','UPDATE','2015-03-20 12:12:55',NULL,NULL,NULL,NULL,NULL,NULL,NULL,NULL,NULL,NULL,NULL,'Gephyromantis_eiselti',NULL,NULL),(607,'hatem','UPDATE','2015-03-20 12:12:56',NULL,NULL,NULL,'Gephyromantis_eiselti',NULL,NULL,NULL,NULL,NULL,NULL,NULL,NULL,NULL,NULL),(608,'hatem','UPDATE','2015-03-20 12:12:56',NULL,NULL,NULL,NULL,NULL,NULL,'Gephyromantis_eiselti',NULL,NULL,NULL,NULL,NULL,NULL,NULL),(609,'hatem','UPDATE','2015-03-20 12:12:57',NULL,NULL,NULL,NULL,NULL,NULL,NULL,'Gephyromantis_eiselti',NULL,NULL,NULL,NULL,NULL,NULL),(610,'hatem','UPDATE','2015-03-20 12:12:57',NULL,NULL,NULL,NULL,NULL,NULL,NULL,NULL,NULL,NULL,NULL,NULL,'Gephyromantis_eiselti',NULL),(611,'hatem','UPDATE','2015-03-20 12:12:57','Oreophryne_amiatoi',NULL,NULL,NULL,NULL,NULL,NULL,NULL,NULL,NULL,NULL,NULL,NULL,NULL),(612,'hatem','UPDATE','2015-03-20 12:12:58',NULL,NULL,'Oreophryne_amiatoi',NULL,NULL,NULL,NULL,NULL,NULL,NULL,NULL,NULL,NULL,NULL),(613,'hatem','UPDATE','2015-03-20 12:12:59',NULL,'Oreophryne_amiatoi',NULL,NULL,NULL,NULL,NULL,NULL,NULL,NULL,NULL,NULL,NULL,NULL),(614,'hatem','UPDATE','2015-03-20 12:12:59',NULL,NULL,NULL,NULL,'Oreophryne_amiatoi',NULL,NULL,NULL,NULL,NULL,NULL,NULL,NULL,NULL),(615,'hatem','UPDATE','2015-03-20 12:12:59',NULL,NULL,NULL,NULL,NULL,NULL,NULL,NULL,'Oreophryne_amiatoi',NULL,NULL,NULL,NULL,NULL),(616,'hatem','UPDATE','2015-03-20 12:12:59',NULL,NULL,NULL,NULL,NULL,NULL,NULL,NULL,NULL,NULL,'Oreophryne_amiatoi',NULL,NULL,NULL),(617,'hatem','UPDATE','2015-03-20 12:13:00',NULL,NULL,NULL,NULL,NULL,NULL,NULL,NULL,NULL,NULL,NULL,NULL,NULL,'Oreophryne_amiatoi'),(618,'hatem','UPDATE','2015-03-20 12:13:00',NULL,NULL,NULL,NULL,NULL,NULL,NULL,NULL,NULL,'Oreophryne_amiatoi',NULL,NULL,NULL,NULL),(619,'hatem','UPDATE','2015-03-20 12:13:00',NULL,NULL,NULL,NULL,NULL,'Oreophryne_amiatoi',NULL,NULL,NULL,NULL,NULL,NULL,NULL,NULL),(620,'hatem','UPDATE','2015-03-20 12:13:01',NULL,NULL,NULL,NULL,NULL,NULL,NULL,NULL,NULL,NULL,NULL,'Oreophryne_amiatoi',NULL,NULL),(621,'hatem','UPDATE','2015-03-20 12:13:01',NULL,NULL,NULL,'Oreophryne_amiatoi',NULL,NULL,NULL,NULL,NULL,NULL,NULL,NULL,NULL,NULL),(622,'hatem','UPDATE','2015-03-20 12:13:01',NULL,NULL,NULL,NULL,NULL,NULL,'Oreophryne_amiatoi',NULL,NULL,NULL,NULL,NULL,NULL,NULL),(623,'hatem','UPDATE','2015-03-20 12:13:02',NULL,NULL,NULL,NULL,NULL,NULL,NULL,'Oreophryne_amiatoi',NULL,NULL,NULL,NULL,NULL,NULL),(624,'hatem','UPDATE','2015-03-20 12:13:02',NULL,NULL,NULL,NULL,NULL,NULL,NULL,NULL,NULL,NULL,NULL,NULL,'Oreophryne_amiatoi',NULL),(625,'hatem','UPDATE','2015-03-20 12:13:02','Kassi_senegalensis',NULL,NULL,NULL,NULL,NULL,NULL,NULL,NULL,NULL,NULL,NULL,NULL,NULL),(626,'hatem','UPDATE','2015-03-20 12:13:02',NULL,NULL,'Kassi_senegalensis',NULL,NULL,NULL,NULL,NULL,NULL,NULL,NULL,NULL,NULL,NULL),(627,'hatem','UPDATE','2015-03-20 12:13:03',NULL,'Kassi_senegalensis',NULL,NULL,NULL,NULL,NULL,NULL,NULL,NULL,NULL,NULL,NULL,NULL),(628,'hatem','UPDATE','2015-03-20 12:13:03',NULL,NULL,NULL,NULL,'Kassi_senegalensis',NULL,NULL,NULL,NULL,NULL,NULL,NULL,NULL,NULL),(629,'hatem','UPDATE','2015-03-20 12:13:03',NULL,NULL,NULL,NULL,NULL,NULL,NULL,NULL,'Kassi_senegalensis',NULL,NULL,NULL,NULL,NULL),(630,'hatem','UPDATE','2015-03-20 12:13:04',NULL,NULL,NULL,NULL,NULL,NULL,NULL,NULL,NULL,NULL,'Kassi_senegalensis',NULL,NULL,NULL),(631,'hatem','UPDATE','2015-03-20 12:13:04',NULL,NULL,NULL,NULL,NULL,NULL,NULL,NULL,NULL,NULL,NULL,NULL,NULL,'Kassi_senegalensis'),(632,'hatem','UPDATE','2015-03-20 12:13:04',NULL,NULL,NULL,NULL,NULL,NULL,NULL,NULL,NULL,'Kassi_senegalensis',NULL,NULL,NULL,NULL),(633,'hatem','UPDATE','2015-03-20 12:13:05',NULL,NULL,NULL,NULL,NULL,'Kassi_senegalensis',NULL,NULL,NULL,NULL,NULL,NULL,NULL,NULL),(634,'hatem','UPDATE','2015-03-20 12:13:05',NULL,NULL,NULL,NULL,NULL,NULL,NULL,NULL,NULL,NULL,NULL,'Kassi_senegalensis',NULL,NULL),(635,'hatem','UPDATE','2015-03-20 12:13:05',NULL,NULL,NULL,'Kassi_senegalensis',NULL,NULL,NULL,NULL,NULL,NULL,NULL,NULL,NULL,NULL),(636,'hatem','UPDATE','2015-03-20 12:13:05',NULL,NULL,NULL,NULL,NULL,NULL,'Kassi_senegalensis',NULL,NULL,NULL,NULL,NULL,NULL,NULL),(637,'hatem','UPDATE','2015-03-20 12:13:06',NULL,NULL,NULL,NULL,NULL,NULL,NULL,'Kassi_senegalensis',NULL,NULL,NULL,NULL,NULL,NULL),(638,'hatem','UPDATE','2015-03-20 12:13:06',NULL,NULL,NULL,NULL,NULL,NULL,NULL,NULL,NULL,NULL,NULL,NULL,'Kassi_senegalensis',NULL);
/*!40000 ALTER TABLE `user_tracking` ENABLE KEYS */;
UNLOCK TABLES;

--
-- Table structure for table `users`
--

DROP TABLE IF EXISTS `users`;
/*!40101 SET @saved_cs_client     = @@character_set_client */;
/*!40101 SET character_set_client = utf8 */;
CREATE TABLE `users` (
  `UserID` int(11) NOT NULL AUTO_INCREMENT,
  `UserName` varchar(32) NOT NULL,
  `Password` varchar(32) NOT NULL,
  `Role` enum('READ ONLY','NO ACCESS','ADMIN','OWNER','MANAGER','Test') DEFAULT 'READ ONLY',
  `email` varchar(45) DEFAULT NULL,
  PRIMARY KEY (`UserID`),
  UNIQUE KEY `UserName` (`UserName`)
) ENGINE=InnoDB AUTO_INCREMENT=14 DEFAULT CHARSET=utf8;
/*!40101 SET character_set_client = @saved_cs_client */;

--
-- Dumping data for table `users`
--

LOCK TABLES `users` WRITE;
/*!40000 ALTER TABLE `users` DISABLE KEYS */;
INSERT INTO `users` VALUES (8,'admin','21232f297a57a5a743894a0e4a801fc3','MANAGER','test@test.com'),(10,'guest','084e0343a0486ff05530df6c705c8bb4','READ ONLY','test@gmail.com'),(11,'ad2','2e764a251bab1e0ad47b53acf87d29af','ADMIN','test@test.com'),(13,'hatem','d5fec5a849d7b69ad9aecc096949cc62','MANAGER','h.m.sergieh@gmail.com');
/*!40000 ALTER TABLE `users` ENABLE KEYS */;
UNLOCK TABLES;

--
-- Table structure for table `vocal_sac_tympanum`
--

DROP TABLE IF EXISTS `vocal_sac_tympanum`;
/*!40101 SET @saved_cs_client     = @@character_set_client */;
/*!40101 SET character_set_client = utf8 */;
CREATE TABLE `vocal_sac_tympanum` (
  `id` varchar(100) NOT NULL,
  `vocal_sac_manifestation` varchar(45) DEFAULT NULL,
  `vocal_sac_form` varchar(45) DEFAULT NULL,
  `vocal_sac_distensibility` varchar(45) DEFAULT NULL,
  `tympanum_covering` varchar(45) DEFAULT NULL,
  `tympanum_eye_ration` float DEFAULT NULL,
  PRIMARY KEY (`id`),
  CONSTRAINT `vocal_taxa_fk` FOREIGN KEY (`id`) REFERENCES `taxonomic_identity` (`id`) ON DELETE CASCADE ON UPDATE CASCADE
) ENGINE=InnoDB DEFAULT CHARSET=utf8;
/*!40101 SET character_set_client = @saved_cs_client */;

--
-- Dumping data for table `vocal_sac_tympanum`
--

LOCK TABLES `vocal_sac_tympanum` WRITE;
/*!40000 ALTER TABLE `vocal_sac_tympanum` DISABLE KEYS */;
INSERT INTO `vocal_sac_tympanum` VALUES ('Acris_crepitans','exterl','single subgular','strong','concealed',0.5),('Aerugoamnis_paulus',NULL,NULL,NULL,NULL,NULL),('Ameerega_altamazonica',NULL,'single subgular',NULL,'partly concealed',0.42),('Cardioglossa_elegans','exterl','paired_subgular','weak','absent',1.1),('Dendropsophus_parviceps','present','paired_lateral','strong','present',1.1),('Gephyromantis_eiselti',NULL,'single subgular',NULL,'visible',0.4),('Gerrothorax_pulcherrimus',NULL,NULL,NULL,NULL,NULL),('Kassi_senegalensis','exterl','single subgular','strong','concealed',0.6),('Kurixalus_appendiculatus','interl','single subgular','weak','visible',0.47),('Odontophrynus_americanus','interl','single subgular',NULL,'concealed',NULL),('Oreophryne_amiatoi',NULL,'single subgular',NULL,'visible',0.37);
/*!40000 ALTER TABLE `vocal_sac_tympanum` ENABLE KEYS */;
UNLOCK TABLES;
/*!40103 SET TIME_ZONE=@OLD_TIME_ZONE */;

/*!40101 SET SQL_MODE=@OLD_SQL_MODE */;
/*!40014 SET FOREIGN_KEY_CHECKS=@OLD_FOREIGN_KEY_CHECKS */;
/*!40014 SET UNIQUE_CHECKS=@OLD_UNIQUE_CHECKS */;
/*!40101 SET CHARACTER_SET_CLIENT=@OLD_CHARACTER_SET_CLIENT */;
/*!40101 SET CHARACTER_SET_RESULTS=@OLD_CHARACTER_SET_RESULTS */;
/*!40101 SET COLLATION_CONNECTION=@OLD_COLLATION_CONNECTION */;
/*!40111 SET SQL_NOTES=@OLD_SQL_NOTES */;

-- Dump completed on 2015-03-23 12:55:06
